Time - based data,,,,,,,,,Mass aggregated data,,,,,,
Date-time,"LC
kg","LC change
kg","LC flux (30 s)
kg/sm","d
cm","US1
pulses",1kg sum,1kg index,,1kg index,,"LC
kg","LC change
kg","LC flux
kg/sm","L7
cm","US1
pulses"
12/11/2013 23:58:00,0.029397,0.0,0.0,56.9,295,0.0,1,,1,12/12/2013 0:00,1.30,0,,0,0
12/11/2013 23:58:30,0.271035,0.2,0.1,56.7,255,0.2,1,,2,12/12/2013 0:02,2.49,1.19,0.09,0,0
12/11/2013 23:59:00,0.626709,0.4,0.1,56.7,272,0.6,1,,3,12/12/2013 0:04,3.65,1.15,0.09,0,0
12/11/2013 23:59:30,1.008832,0.4,0.1,56.8,221,1.0,1,,4,12/12/2013 0:05,4.66,1.01,0.10,0,0
12/12/2013 00:00:00,1.303752,0.3,0.1,56.7,230,1.3,1,,5,12/12/2013 0:07,5.90,1.25,0.13,0,0
12/12/2013 00:00:30,1.673890,0.4,0.1,56.7,274,0.4,2,,6,12/12/2013 0:08,7.25,1.35,0.14,0,0
12/12/2013 00:01:00,1.922267,0.2,0.1,56.6,286,0.6,2,,7,12/12/2013 0:09,8.34,1.09,0.17,0,0
12/12/2013 00:01:30,2.265886,0.3,0.1,56.7,283,1.0,2,,8,12/12/2013 0:11,9.75,1.42,0.14,0,0
12/12/2013 00:02:00,2.494657,0.2,0.1,56.5,294,1.2,2,,9,12/12/2013 0:12,11.00,1.24,0.19,0,0
12/12/2013 00:02:30,2.740011,0.2,0.1,56.4,273,0.2,3,,10,12/12/2013 0:13,12.16,1.16,0.18,0,0
12/12/2013 00:03:00,3.039252,0.3,0.1,56.3,284,0.5,3,,11,12/12/2013 0:14,13.41,1.26,0.19,0,0
12/12/2013 00:03:30,3.407551,0.4,0.1,56.0,289,0.9,3,,12,12/12/2013 0:15,14.74,1.33,0.20,0,0
12/12/2013 00:04:00,3.648546,0.2,0.1,55.8,300,1.2,3,,13,12/12/2013 0:16,16.06,1.31,0.20,0,0
12/12/2013 00:04:30,3.911977,0.3,0.1,55.7,278,0.3,4,,14,12/12/2013 0:17,17.38,1.33,0.20,0,0
12/12/2013 00:05:00,4.343797,0.4,0.1,55.5,321,0.7,4,,15,12/12/2013 0:18,18.67,1.28,0.19,0,0
12/12/2013 00:05:30,4.656618,0.3,0.1,55.4,272,1.0,4,,16,12/12/2013 0:19,19.76,1.10,0.17,0,0
12/12/2013 00:06:00,5.123615,0.5,0.1,55.5,322,0.5,5,,17,12/12/2013 0:20,21.22,1.46,0.15,0,0
12/12/2013 00:06:30,5.425759,0.3,0.1,55.1,329,0.8,5,,18,12/12/2013 0:22,22.64,1.41,0.14,0,0
12/12/2013 00:07:00,5.901873,0.5,0.1,55.1,341,1.2,5,,19,12/12/2013 0:23,23.91,1.27,0.13,0,0
12/12/2013 00:07:30,6.379673,0.5,0.1,55.0,321,0.5,6,,20,12/12/2013 0:25,25.31,1.40,0.14,0,0
12/12/2013 00:08:00,6.821696,0.4,0.1,54.9,294,0.9,6,,21,12/12/2013 0:27,26.60,1.29,0.10,0,0
12/12/2013 00:08:30,7.249256,0.4,0.1,54.6,349,1.3,6,,22,12/12/2013 0:29,27.75,1.16,0.07,0,0
12/12/2013 00:09:00,7.789042,0.5,0.2,54.7,316,0.5,7,,23,12/12/2013 0:32,28.97,1.22,0.07,0,0
12/12/2013 00:09:30,8.338421,0.5,0.2,54.5,385,1.1,7,,24,12/12/2013 0:34,29.98,1.01,0.08,0,0
12/12/2013 00:10:00,8.726854,0.4,0.1,54.2,327,0.4,8,,25,12/12/2013 0:37,31.13,1.15,0.05,0,0
12/12/2013 00:10:30,9.279896,0.6,0.2,54.0,354,0.9,8,,26,12/12/2013 0:40,32.29,1.15,0.06,0,0
12/12/2013 00:11:00,9.754594,0.5,0.1,53.7,371,1.4,8,,27,12/12/2013 0:43,33.33,1.05,0.05,0,0
12/12/2013 00:11:30,10.426149,0.7,0.2,53.8,359,0.7,9,,28,12/12/2013 0:47,34.41,1.08,0.04,0,0
12/12/2013 00:12:00,10.995783,0.6,0.2,53.5,354,1.2,9,,29,12/12/2013 0:51,35.43,1.02,0.04,0,0
12/12/2013 00:12:30,11.565582,0.6,0.2,53.4,338,0.6,10,,30,12/12/2013 0:55,36.49,1.06,0.04,0,0
12/12/2013 00:13:00,12.157223,0.6,0.2,53.2,360,1.2,10,,31,12/12/2013 1:01,37.51,1.02,0.02,0,0
12/12/2013 00:13:30,12.801539,0.6,0.2,53.2,308,0.6,11,,32,12/12/2013 1:50,38.63,1.12,0.00,0,0
12/12/2013 00:14:00,13.414549,0.6,0.2,53.0,338,1.3,11,,33,12/12/2013 1:53,39.70,1.07,0.05,0,0
12/12/2013 00:14:30,14.040265,0.6,0.2,52.7,326,0.6,12,,34,12/12/2013 1:57,40.79,1.10,0.04,0,0
12/12/2013 00:15:00,14.741840,0.7,0.2,52.5,341,1.3,12,,35,12/12/2013 2:00,41.82,1.02,0.05,0,0
12/12/2013 00:15:30,15.368831,0.6,0.2,52.3,333,0.6,13,,36,12/12/2013 2:03,42.89,1.08,0.05,0,0
12/12/2013 00:16:00,16.055236,0.7,0.2,52.2,365,1.3,13,,37,12/12/2013 2:06,44.06,1.17,0.06,0,0
12/12/2013 00:16:30,16.719492,0.7,0.2,52.1,360,0.7,14,,38,12/12/2013 2:09,45.21,1.15,0.07,0,0
12/12/2013 00:17:00,17.384831,0.7,0.2,52.0,361,1.3,14,,39,12/12/2013 2:11,46.24,1.03,0.06,0,0
12/12/2013 00:17:30,18.031294,0.6,0.2,51.7,301,0.6,15,,40,12/12/2013 2:13,47.25,1.00,0.08,0,0
12/12/2013 00:18:00,18.665562,0.6,0.2,51.6,320,1.3,15,,41,12/12/2013 2:15,48.56,1.32,0.10,0,0
12/12/2013 00:18:30,19.248298,0.6,0.2,51.6,353,0.6,16,,42,12/12/2013 2:17,49.65,1.08,0.11,0,0
12/12/2013 00:19:00,19.763153,0.5,0.2,51.1,343,1.1,16,,43,12/12/2013 2:18,50.76,1.11,0.11,0,0
12/12/2013 00:19:30,20.282656,0.5,0.2,51.1,372,0.5,17,,44,12/12/2013 2:20,52.02,1.26,0.13,0,0
12/12/2013 00:20:00,20.747941,0.5,0.1,50.8,340,1.0,17,,45,12/12/2013 2:21,53.47,1.45,0.15,0,0
12/12/2013 00:20:30,21.224332,0.5,0.1,50.4,317,1.5,17,,46,12/12/2013 2:22,54.69,1.22,0.19,0,0
12/12/2013 00:21:00,21.723185,0.5,0.2,50.4,329,0.5,18,,47,12/12/2013 2:23,56.02,1.33,0.20,0,0
12/12/2013 00:21:30,22.181689,0.5,0.1,50.1,337,1.0,18,,48,12/12/2013 2:24,57.38,1.37,0.21,0,0
12/12/2013 00:22:00,22.635646,0.5,0.1,50.0,385,1.4,18,,49,12/12/2013 2:25,58.69,1.31,0.20,0,0
12/12/2013 00:22:30,23.035598,0.4,0.1,50.0,359,0.4,19,,50,12/12/2013 2:26,60.15,1.46,0.22,0,0
12/12/2013 00:23:00,23.443457,0.4,0.1,49.6,346,0.8,19,,51,12/12/2013 2:27,61.69,1.55,0.23,0,0
12/12/2013 00:23:30,23.908954,0.5,0.1,49.4,355,1.3,19,,52,12/12/2013 2:28,63.29,1.60,0.24,0,0
12/12/2013 00:24:00,24.394645,0.5,0.1,49.2,304,0.5,20,,53,12/12/2013 2:29,64.93,1.64,0.25,0,0
12/12/2013 00:24:30,24.839127,0.4,0.1,48.9,313,0.9,20,,54,12/12/2013 2:30,66.65,1.72,0.26,0,0
12/12/2013 00:25:00,25.307615,0.5,0.1,48.9,298,1.4,20,,55,12/12/2013 2:31,68.44,1.79,0.27,0,0
12/12/2013 00:25:30,25.663498,0.4,0.1,48.6,306,0.4,21,,56,12/12/2013 2:32,70.05,1.61,0.24,0,0
12/12/2013 00:26:00,25.989743,0.3,0.1,48.4,315,0.7,21,,57,12/12/2013 2:33,71.66,1.62,0.25,0,0
12/12/2013 00:26:30,26.303154,0.3,0.1,48.3,326,1.0,21,,58,12/12/2013 2:34,73.09,1.42,0.22,0,0
12/12/2013 00:27:00,26.599021,0.3,0.1,48.1,323,1.3,21,,59,12/12/2013 2:35,74.54,1.45,0.22,0,0
12/12/2013 00:27:30,26.903975,0.3,0.1,47.7,314,0.3,22,,60,12/12/2013 2:36,75.90,1.36,0.21,0,0
12/12/2013 00:28:00,27.136616,0.2,0.1,47.6,284,0.5,22,,61,12/12/2013 2:37,77.27,1.36,0.21,0,0
12/12/2013 00:28:30,27.365467,0.2,0.1,47.3,287,0.8,22,,62,12/12/2013 2:38,78.60,1.33,0.20,0,0
12/12/2013 00:29:00,27.578120,0.2,0.1,47.0,272,1.0,22,,63,12/12/2013 2:39,80.06,1.47,0.22,0,0
12/12/2013 00:29:30,27.754317,0.2,0.1,46.8,261,1.2,22,,64,12/12/2013 2:40,81.24,1.18,0.18,0,0
12/12/2013 00:30:00,27.985266,0.2,0.1,46.5,287,0.2,23,,65,12/12/2013 2:41,82.43,1.19,0.18,0,0
12/12/2013 00:30:30,28.290765,0.3,0.1,46.4,292,0.5,23,,66,12/12/2013 2:42,83.44,1.01,0.15,0,0
12/12/2013 00:31:00,28.483791,0.2,0.1,46.1,279,0.7,23,,67,12/12/2013 2:43,84.46,1.03,0.16,0,0
12/12/2013 00:31:30,28.705394,0.2,0.1,45.9,291,1.0,23,,68,12/12/2013 2:44,85.82,1.36,0.21,0,0
12/12/2013 00:32:00,28.969807,0.3,0.1,45.7,268,1.2,23,,69,12/12/2013 2:45,87.50,1.67,0.25,0,0
12/12/2013 00:32:30,29.189717,0.2,0.1,45.4,297,0.2,24,,70,12/12/2013 2:46,88.95,1.46,0.22,0,0
12/12/2013 00:33:00,29.506910,0.3,0.1,45.4,314,0.5,24,,71,12/12/2013 2:47,90.62,1.66,0.25,0,0
12/12/2013 00:33:30,29.707143,0.2,0.1,45.2,333,0.7,24,,72,12/12/2013 2:48,92.58,1.96,0.30,0,0
12/12/2013 00:34:00,29.981275,0.3,0.1,44.9,332,1.0,24,,73,12/12/2013 2:49,93.78,1.21,0.37,0,0
12/12/2013 00:34:30,30.212376,0.2,0.1,44.7,332,0.2,25,,74,12/12/2013 2:49,95.33,1.55,0.47,0,0
12/12/2013 00:35:00,30.326132,0.1,0.0,44.5,356,0.3,25,,75,12/12/2013 2:50,97.20,1.86,0.57,0,0
12/12/2013 00:35:30,30.464307,0.1,0.0,44.2,345,0.5,25,,76,12/12/2013 2:50,99.10,1.90,0.58,0,0
12/12/2013 00:36:00,30.662319,0.2,0.1,44.1,344,0.7,25,,77,12/12/2013 2:51,101.39,2.30,0.70,0,0
12/12/2013 00:36:30,30.810300,0.1,0.0,43.8,314,0.8,25,,78,12/12/2013 2:51,103.69,2.29,0.69,0,0
12/12/2013 00:37:00,30.940371,0.1,0.0,43.5,304,1.0,25,,79,12/12/2013 2:52,105.62,1.94,0.59,0,0
12/12/2013 00:37:30,31.132501,0.2,0.1,43.5,302,1.2,25,,80,12/12/2013 2:52,107.63,2.00,0.61,0,0
12/12/2013 00:38:00,31.243837,0.1,0.0,43.2,269,0.1,26,,81,12/12/2013 2:53,109.11,1.48,0.45,0,0
12/12/2013 00:38:30,31.461114,0.2,0.1,43.1,274,0.3,26,,82,12/12/2013 2:53,110.18,1.07,0.33,0,0
12/12/2013 00:39:00,31.595904,0.1,0.0,42.7,210,0.5,26,,83,12/12/2013 2:54,111.61,1.43,0.22,0,0
12/12/2013 00:39:30,31.825261,0.2,0.1,42.7,251,0.7,26,,84,12/12/2013 2:55,112.70,1.08,0.16,0,0
12/12/2013 00:40:00,32.094301,0.3,0.1,42.7,232,1.0,26,,85,12/12/2013 2:56,113.71,1.01,0.15,0,0
12/12/2013 00:40:30,32.285489,0.2,0.1,42.5,259,1.2,26,,86,12/12/2013 2:57,115.31,1.60,0.24,0,0
12/12/2013 00:41:00,32.497898,0.2,0.1,42.2,251,0.2,27,,87,12/12/2013 2:58,117.04,1.72,0.26,0,0
12/12/2013 00:41:30,32.687547,0.2,0.1,42.1,249,0.4,27,,88,12/12/2013 3:06,119.08,2.04,0.04,0,0
12/12/2013 00:42:00,32.859205,0.2,0.1,42.0,249,0.6,27,,89,12/12/2013 3:06,120.32,1.24,0.38,0,0
12/12/2013 00:42:30,33.017686,0.2,0.0,41.8,259,0.7,27,,90,12/12/2013 3:07,121.80,1.47,0.45,0,0
12/12/2013 00:43:00,33.160849,0.1,0.0,41.6,239,0.9,27,,91,12/12/2013 3:07,123.51,1.72,0.52,0,0
12/12/2013 00:43:30,33.331034,0.2,0.1,41.4,172,1.0,27,,92,12/12/2013 3:08,125.07,1.56,0.47,0,0
12/12/2013 00:44:00,33.439196,0.1,0.0,41.2,199,0.1,28,,93,12/12/2013 3:08,126.64,1.56,0.47,0,0
12/12/2013 00:44:30,33.550617,0.1,0.0,41.0,190,0.2,28,,94,12/12/2013 3:09,128.35,1.71,0.52,0,0
12/12/2013 00:45:00,33.638029,0.1,0.0,40.9,198,0.3,28,,95,12/12/2013 3:09,130.12,1.77,0.54,0,0
12/12/2013 00:45:30,33.816849,0.2,0.1,40.8,165,0.5,28,,96,12/12/2013 3:10,131.91,1.79,0.54,0,0
12/12/2013 00:46:00,33.970344,0.2,0.0,40.7,195,0.6,28,,97,12/12/2013 3:10,133.53,1.62,0.49,0,0
12/12/2013 00:46:30,34.143175,0.2,0.1,40.5,141,0.8,28,,98,12/12/2013 3:11,135.59,2.06,0.63,0,0
12/12/2013 00:47:00,34.255743,0.1,0.0,40.4,191,0.9,28,,99,12/12/2013 3:11,137.61,2.02,0.61,0,0
12/12/2013 00:47:30,34.407081,0.2,0.0,40.2,177,1.1,28,,100,12/12/2013 3:12,139.60,1.99,0.60,0,0
12/12/2013 00:48:00,34.625824,0.2,0.1,40.1,152,0.2,29,,101,12/12/2013 3:12,141.57,1.96,0.60,0,0
12/12/2013 00:48:30,34.772829,0.1,0.0,39.8,159,0.4,29,,102,12/12/2013 3:13,144.03,2.46,0.75,0,0
12/12/2013 00:49:00,35.004403,0.2,0.1,39.8,146,0.6,29,,103,12/12/2013 3:13,146.57,2.54,0.77,0,0
12/12/2013 00:49:30,35.126778,0.1,0.0,39.7,153,0.7,29,,104,12/12/2013 3:14,148.97,2.40,0.73,0,0
12/12/2013 00:50:00,35.276066,0.1,0.0,39.3,125,0.9,29,,105,12/12/2013 3:14,151.58,2.61,0.79,0,0
12/12/2013 00:50:30,35.326453,0.1,0.0,39.4,157,0.9,29,,106,12/12/2013 3:15,154.15,2.57,0.78,0,0
12/12/2013 00:51:00,35.426769,0.1,0.0,39.1,109,1.0,29,,107,12/12/2013 3:15,156.74,2.59,0.79,0,0
12/12/2013 00:51:30,35.527970,0.1,0.0,39.2,103,0.1,30,,108,12/12/2013 3:16,159.25,2.51,0.76,0,0
12/12/2013 00:52:00,35.685210,0.2,0.0,39.1,107,0.3,30,,109,12/12/2013 3:16,162.22,2.98,0.90,0,0
12/12/2013 00:52:30,35.796446,0.1,0.0,39.0,58,0.4,30,,110,12/12/2013 3:17,165.39,3.17,0.96,0,0
12/12/2013 00:53:00,35.914467,0.1,0.0,38.7,85,0.5,30,,111,12/12/2013 3:17,168.40,3.01,0.91,0,0
12/12/2013 00:53:30,36.062811,0.1,0.0,38.6,90,0.6,30,,112,12/12/2013 3:18,171.11,2.71,0.82,0,0
12/12/2013 00:54:00,36.159718,0.1,0.0,38.5,66,0.7,30,,113,12/12/2013 3:18,174.08,2.97,0.90,0,0
12/12/2013 00:54:30,36.308688,0.1,0.0,38.3,76,0.9,30,,114,12/12/2013 3:19,177.34,3.26,0.99,0,0
12/12/2013 00:55:00,36.486626,0.2,0.1,38.4,53,1.1,30,,115,12/12/2013 3:19,180.58,3.24,0.98,0,0
12/12/2013 00:55:30,36.657157,0.2,0.1,38.4,95,0.2,31,,116,12/12/2013 3:20,183.61,3.02,0.92,0,0
12/12/2013 00:56:00,36.730366,0.1,0.0,38.3,74,0.2,31,,117,12/12/2013 3:20,186.58,2.97,0.90,0,0
12/12/2013 00:56:30,36.837617,0.1,0.0,38.1,93,0.4,31,,118,12/12/2013 3:21,189.55,2.97,0.90,0,0
12/12/2013 00:57:00,36.891353,0.1,0.0,38.1,103,0.4,31,,119,12/12/2013 3:21,192.32,2.77,0.84,0,0
12/12/2013 00:57:30,37.016097,0.1,0.0,38.0,108,0.5,31,,120,12/12/2013 3:22,194.96,2.64,0.80,0,0
12/12/2013 00:58:00,37.120365,0.1,0.0,37.8,108,0.6,31,,121,12/12/2013 3:22,197.88,2.92,0.89,0,0
12/12/2013 00:58:30,37.188246,0.1,0.0,37.8,67,0.7,31,,122,12/12/2013 3:23,200.84,2.96,0.90,0,0
12/12/2013 00:59:00,37.226717,0.0,0.0,37.7,46,0.7,31,,123,12/12/2013 3:23,203.36,2.52,0.76,0,0
12/12/2013 00:59:30,37.236931,0.0,0.0,37.7,111,0.8,31,,124,12/12/2013 3:24,205.81,2.45,0.74,0,0
12/12/2013 01:00:00,37.236931,0.0,0.0,37.5,72,0.8,31,,125,12/12/2013 3:24,208.15,2.34,0.71,0,0
12/12/2013 01:00:30,37.331933,0.1,0.0,37.5,105,0.8,31,,126,12/12/2013 3:25,211.04,2.88,0.87,0,0
12/12/2013 01:01:00,37.442237,0.1,0.0,37.6,80,1.0,31,,127,12/12/2013 3:25,213.33,2.30,0.70,0,0
12/12/2013 01:01:30,37.507083,0.1,0.0,37.5,86,1.0,31,,128,12/12/2013 3:26,215.38,2.05,0.62,0,0
12/12/2013 01:02:00,37.625950,0.1,0.0,37.6,45,0.1,32,,129,12/12/2013 3:26,217.43,2.05,0.62,0,0
12/12/2013 01:02:30,37.625950,0.0,0.0,37.3,67,0.1,32,,130,12/12/2013 3:27,219.36,1.92,0.58,0,0
12/12/2013 01:03:00,37.636185,0.0,0.0,37.3,56,0.1,32,,131,12/12/2013 3:27,221.02,1.67,0.50,0,0
12/12/2013 01:03:30,37.677731,0.0,0.0,37.2,62,0.2,32,,132,12/12/2013 3:28,222.40,1.38,0.42,0,0
12/12/2013 01:04:00,37.761085,0.1,0.0,37.2,70,0.3,32,,133,12/12/2013 3:28,224.31,1.91,0.58,0,0
12/12/2013 01:04:30,37.814951,0.1,0.0,37.2,66,0.3,32,,134,12/12/2013 3:29,225.93,1.62,0.49,0,0
12/12/2013 01:05:00,37.861805,0.0,0.0,37.3,71,0.4,32,,135,12/12/2013 3:29,227.52,1.59,0.48,0,0
12/12/2013 01:05:30,37.861805,0.0,0.0,37.1,98,0.4,32,,136,12/12/2013 3:30,228.96,1.43,0.43,0,0
12/12/2013 01:06:00,37.897588,0.0,0.0,37.0,81,0.4,32,,137,12/12/2013 3:30,230.93,1.97,0.60,0,0
12/12/2013 01:06:30,37.920924,0.0,0.0,37.1,60,0.4,32,,138,12/12/2013 3:31,232.81,1.88,0.57,0,0
12/12/2013 01:07:00,37.941184,0.0,0.0,37.0,63,0.4,32,,139,12/12/2013 3:31,234.41,1.60,0.48,0,0
12/12/2013 01:07:30,38.030889,0.1,0.0,37.0,86,0.5,32,,140,12/12/2013 3:32,236.15,1.73,0.53,0,0
12/12/2013 01:08:00,38.054665,0.0,0.0,37.1,63,0.5,32,,141,12/12/2013 3:32,237.87,1.73,0.52,0,0
12/12/2013 01:08:30,38.054665,0.0,0.0,37.0,46,0.5,32,,142,12/12/2013 3:33,239.74,1.87,0.57,0,0
12/12/2013 01:09:00,38.054665,0.0,0.0,36.9,87,0.5,32,,143,12/12/2013 3:33,240.83,1.09,0.33,0,0
12/12/2013 01:09:30,38.054665,0.0,0.0,37.0,59,0.5,32,,144,12/12/2013 3:34,242.43,1.60,0.49,0,0
12/12/2013 01:10:00,38.054665,0.0,0.0,37.0,46,0.5,32,,145,12/12/2013 3:34,243.77,1.34,0.41,0,0
12/12/2013 01:10:30,38.077842,0.0,0.0,37.0,74,0.6,32,,146,12/12/2013 3:35,245.10,1.33,0.40,0,0
12/12/2013 01:11:00,38.077842,0.0,0.0,37.0,82,0.6,32,,147,12/12/2013 3:35,246.19,1.08,0.33,0,0
12/12/2013 01:11:30,38.077842,0.0,0.0,37.1,58,0.6,32,,148,12/12/2013 3:36,247.45,1.26,0.38,0,0
12/12/2013 01:12:00,38.077842,0.0,0.0,37.2,47,0.6,32,,149,12/12/2013 3:36,248.53,1.08,0.33,0,0
12/12/2013 01:12:30,38.077842,0.0,0.0,37.2,76,0.6,32,,150,12/12/2013 3:37,250.14,1.60,0.24,0,0
12/12/2013 01:13:00,38.077842,0.0,0.0,37.2,37,0.6,32,,151,12/12/2013 3:38,252.03,1.89,0.29,0,0
12/12/2013 01:13:30,38.077842,0.0,0.0,37.2,41,0.6,32,,152,12/12/2013 3:40,253.25,1.22,0.12,0,0
12/12/2013 01:14:00,38.077842,0.0,0.0,37.3,38,0.6,32,,153,12/12/2013 3:42,254.48,1.23,0.09,0,0
12/12/2013 01:14:30,38.077842,0.0,0.0,37.4,66,0.6,32,,154,12/12/2013 9:12,256.00,1.52,0.00,0,0
12/12/2013 01:15:00,38.077842,0.0,0.0,37.4,39,0.6,32,,155,12/12/2013 9:12,257.61,1.62,0.49,0,0
12/12/2013 01:15:30,38.077842,0.0,0.0,37.3,72,0.6,32,,156,12/12/2013 9:13,259.08,1.47,0.44,0,0
12/12/2013 01:16:00,38.077842,0.0,0.0,37.5,46,0.6,32,,157,12/12/2013 9:13,260.33,1.25,0.38,0,0
12/12/2013 01:16:30,38.077842,0.0,0.0,37.5,77,0.6,32,,158,12/12/2013 9:14,261.92,1.59,0.48,0,0
12/12/2013 01:17:00,38.077842,0.0,0.0,37.7,48,0.6,32,,159,12/12/2013 9:14,263.17,1.26,0.38,0,0
12/12/2013 01:17:30,38.077842,0.0,0.0,37.7,43,0.6,32,,160,12/12/2013 9:15,264.30,1.13,0.34,0,0
12/12/2013 01:18:00,38.077842,0.0,0.0,37.9,73,0.6,32,,161,12/12/2013 9:15,265.85,1.55,0.47,0,0
12/12/2013 01:18:30,38.077842,0.0,0.0,38.0,82,0.6,32,,162,12/12/2013 9:16,267.13,1.28,0.39,0,0
12/12/2013 01:19:00,38.077842,0.0,0.0,38.0,69,0.6,32,,163,12/12/2013 9:16,268.70,1.56,0.47,0,0
12/12/2013 01:19:30,38.077842,0.0,0.0,38.1,81,0.6,32,,164,12/12/2013 9:17,269.71,1.02,0.31,0,0
12/12/2013 01:20:00,38.077842,0.0,0.0,38.2,82,0.6,32,,165,12/12/2013 9:18,271.45,1.74,0.26,0,0
12/12/2013 01:20:30,38.077842,0.0,0.0,38.4,86,0.6,32,,166,12/12/2013 9:18,272.49,1.03,0.31,0,0
12/12/2013 01:21:00,38.077842,0.0,0.0,38.5,88,0.6,32,,167,12/12/2013 9:19,274.27,1.78,0.27,0,0
12/12/2013 01:21:30,38.077842,0.0,0.0,38.6,91,0.6,32,,168,12/12/2013 9:20,275.71,1.44,0.22,0,0
12/12/2013 01:22:00,38.077842,0.0,0.0,38.8,79,0.6,32,,169,12/12/2013 9:21,276.81,1.10,0.33,0,0
12/12/2013 01:22:30,38.077842,0.0,0.0,38.8,90,0.6,32,,170,12/12/2013 9:22,278.41,1.61,0.24,0,0
12/12/2013 01:23:00,38.077842,0.0,0.0,39.1,102,0.6,32,,171,12/12/2013 9:23,280.23,1.82,0.28,0,0
12/12/2013 01:23:30,38.077842,0.0,0.0,39.3,107,0.6,32,,172,12/12/2013 9:24,281.81,1.58,0.24,0,0
12/12/2013 01:24:00,38.077842,0.0,0.0,39.4,143,0.6,32,,173,12/12/2013 9:24,282.98,1.16,0.35,0,0
12/12/2013 01:24:30,38.077842,0.0,0.0,39.6,125,0.6,32,,174,12/12/2013 9:25,284.69,1.72,0.26,0,0
12/12/2013 01:25:00,38.077842,0.0,0.0,39.7,105,0.6,32,,175,12/12/2013 9:26,286.01,1.32,0.20,0,0
12/12/2013 01:25:30,38.077842,0.0,0.0,39.8,139,0.6,32,,176,12/12/2013 9:27,287.26,1.25,0.19,0,0
12/12/2013 01:26:00,38.077842,0.0,0.0,40.0,146,0.6,32,,177,12/12/2013 9:28,288.54,1.29,0.19,0,0
12/12/2013 01:26:30,38.077842,0.0,0.0,40.3,145,0.6,32,,178,12/12/2013 9:29,289.54,1.00,0.15,0,0
12/12/2013 01:27:00,38.077842,0.0,0.0,40.6,112,0.6,32,,179,12/12/2013 9:30,291.04,1.50,0.23,0,0
12/12/2013 01:27:30,38.077842,0.0,0.0,40.7,149,0.6,32,,180,12/12/2013 9:31,292.08,1.04,0.16,0,0
12/12/2013 01:28:00,38.077842,0.0,0.0,41.0,164,0.6,32,,181,12/12/2013 9:32,293.33,1.24,0.19,0,0
12/12/2013 01:28:30,38.077842,0.0,0.0,41.2,208,0.6,32,,182,12/12/2013 9:33,294.40,1.07,0.16,0,0
12/12/2013 01:29:00,38.077842,0.0,0.0,41.4,213,0.6,32,,183,12/12/2013 9:34,295.52,1.13,0.17,0,0
12/12/2013 01:29:30,38.077842,0.0,0.0,41.5,222,0.6,32,,184,12/12/2013 9:36,296.64,1.12,0.11,0,0
12/12/2013 01:30:00,38.077842,0.0,0.0,41.8,243,0.6,32,,185,12/12/2013 9:37,297.76,1.12,0.17,0,0
12/12/2013 01:30:30,38.077842,0.0,0.0,42.1,258,0.6,32,,186,12/12/2013 9:38,299.07,1.31,0.20,0,0
12/12/2013 01:31:00,38.077842,0.0,0.0,42.1,218,0.6,32,,187,12/12/2013 9:39,300.13,1.05,0.11,0,0
12/12/2013 01:31:30,38.077842,0.0,0.0,42.5,224,0.6,32,,188,12/12/2013 9:41,301.20,1.07,0.11,0,0
12/12/2013 01:32:00,38.077842,0.0,0.0,42.7,237,0.6,32,,189,12/12/2013 9:43,302.49,1.29,0.10,0,0
12/12/2013 01:32:30,38.077842,0.0,0.0,42.9,180,0.6,32,,190,12/12/2013 9:45,303.83,1.34,0.10,0,0
12/12/2013 01:33:00,38.077842,0.0,0.0,43.3,269,0.6,32,,191,12/12/2013 9:47,304.94,1.11,0.07,0,0
12/12/2013 01:33:30,38.077842,0.0,0.0,43.7,227,0.6,32,,192,12/12/2013 10:40,306.15,1.21,0.00,0,0
12/12/2013 01:34:00,38.077842,0.0,0.0,44.0,274,0.6,32,,193,12/12/2013 10:41,307.72,1.57,0.24,0,0
12/12/2013 01:34:30,38.077842,0.0,0.0,44.3,304,0.6,32,,194,12/12/2013 10:42,309.26,1.54,0.23,0,0
12/12/2013 01:35:00,38.077842,0.0,0.0,44.6,288,0.6,32,,195,12/12/2013 10:43,310.52,1.26,0.19,0,0
12/12/2013 01:35:30,38.077842,0.0,0.0,44.9,276,0.6,32,,196,12/12/2013 10:44,312.02,1.50,0.15,0,0
12/12/2013 01:36:00,38.077842,0.0,0.0,45.2,278,0.6,32,,197,12/12/2013 10:45,313.32,1.29,0.20,0,0
12/12/2013 01:36:30,38.077842,0.0,0.0,45.6,266,0.6,32,,198,12/12/2013 10:46,314.61,1.29,0.20,0,0
12/12/2013 01:37:00,38.077842,0.0,0.0,46.0,284,0.6,32,,199,12/12/2013 10:47,316.48,1.87,0.28,0,0
12/12/2013 01:37:30,38.077842,0.0,0.0,46.3,301,0.6,32,,200,12/12/2013 10:48,317.56,1.08,0.16,0,0
12/12/2013 01:38:00,38.077842,0.0,0.0,46.7,323,0.6,32,,201,12/12/2013 10:50,318.61,1.05,0.11,0,0
12/12/2013 01:38:30,38.077842,0.0,0.0,47.1,318,0.6,32,,202,12/12/2013 10:51,320.40,1.78,0.18,0,0
12/12/2013 01:39:00,38.077842,0.0,0.0,47.3,326,0.6,32,,203,12/12/2013 10:52,322.02,1.63,0.25,0,0
12/12/2013 01:39:30,38.077842,0.0,0.0,47.6,326,0.6,32,,204,12/12/2013 10:53,323.11,1.09,0.33,0,0
12/12/2013 01:40:00,38.077842,0.0,0.0,47.8,343,0.6,32,,205,12/12/2013 10:54,324.34,1.23,0.19,0,0
12/12/2013 01:40:30,38.077842,0.0,0.0,48.1,318,0.6,32,,206,12/12/2013 11:02,324.34,0.00,0.00,0,0
12/12/2013 01:41:00,38.077842,0.0,0.0,48.3,294,0.6,32,,207,#N/A,0.00,-324.34,#N/A,0,0
12/12/2013 01:41:30,38.077842,0.0,0.0,48.6,308,0.6,32,,,,,,,,
12/12/2013 01:42:00,38.077842,0.0,0.0,48.9,326,0.6,32,,,,,,,,
12/12/2013 01:42:30,38.077842,0.0,0.0,49.2,372,0.6,32,,,,,,,,
12/12/2013 01:43:00,38.077842,0.0,0.0,49.3,346,0.6,32,,,,,,,,
12/12/2013 01:43:30,38.077842,0.0,0.0,49.5,349,0.6,32,,,,,,,,
12/12/2013 01:44:00,38.077842,0.0,0.0,49.7,334,0.6,32,,,,,,,,
12/12/2013 01:44:30,38.077842,0.0,0.0,50.0,332,0.6,32,,,,,,,,
12/12/2013 01:45:00,38.077842,0.0,0.0,50.1,351,0.6,32,,,,,,,,
12/12/2013 01:45:30,38.077842,0.0,0.0,50.2,354,0.6,32,,,,,,,,
12/12/2013 01:46:00,38.077842,0.0,0.0,50.5,352,0.6,32,,,,,,,,
12/12/2013 01:46:30,38.077842,0.0,0.0,50.6,297,0.6,32,,,,,,,,
12/12/2013 01:47:00,38.077842,0.0,0.0,50.6,334,0.6,32,,,,,,,,
12/12/2013 01:47:30,38.077842,0.0,0.0,50.7,362,0.6,32,,,,,,,,
12/12/2013 01:48:00,38.077842,0.0,0.0,51.0,284,0.6,32,,,,,,,,
12/12/2013 01:48:30,38.096121,0.0,0.0,51.1,311,0.6,32,,,,,,,,
12/12/2013 01:49:00,38.245318,0.1,0.0,51.0,294,0.7,32,,,,,,,,
12/12/2013 01:49:30,38.486185,0.2,0.1,51.4,340,1.0,32,,,,,,,,
12/12/2013 01:50:00,38.630120,0.1,0.0,51.4,332,1.1,32,,,,,,,,
12/12/2013 01:50:30,38.848974,0.2,0.1,51.4,326,0.2,33,,,,,,,,
12/12/2013 01:51:00,38.964381,0.1,0.0,51.6,343,0.3,33,,,,,,,,
12/12/2013 01:51:30,39.185141,0.2,0.1,51.5,312,0.6,33,,,,,,,,
12/12/2013 01:52:00,39.276807,0.1,0.0,51.6,380,0.6,33,,,,,,,,
12/12/2013 01:52:30,39.397147,0.1,0.0,51.7,389,0.8,33,,,,,,,,
12/12/2013 01:53:00,39.494910,0.1,0.0,51.7,359,0.9,33,,,,,,,,
12/12/2013 01:53:30,39.697594,0.2,0.1,52.0,344,1.1,33,,,,,,,,
12/12/2013 01:54:00,39.825951,0.1,0.0,51.9,347,0.1,34,,,,,,,,
12/12/2013 01:54:30,39.987160,0.2,0.0,52.0,360,0.3,34,,,,,,,,
12/12/2013 01:55:00,40.179402,0.2,0.1,52.2,362,0.5,34,,,,,,,,
12/12/2013 01:55:30,40.218092,0.0,0.0,52.1,360,0.5,34,,,,,,,,
12/12/2013 01:56:00,40.373356,0.2,0.0,52.2,313,0.7,34,,,,,,,,
12/12/2013 01:56:30,40.447568,0.1,0.0,52.2,323,0.7,34,,,,,,,,
12/12/2013 01:57:00,40.674075,0.2,0.1,52.3,298,1.0,34,,,,,,,,
12/12/2013 01:57:30,40.793879,0.1,0.0,52.4,351,1.1,34,,,,,,,,
12/12/2013 01:58:00,40.900493,0.1,0.0,52.3,340,0.1,35,,,,,,,,
12/12/2013 01:58:30,41.046702,0.1,0.0,52.3,311,0.3,35,,,,,,,,
12/12/2013 01:59:00,41.241335,0.2,0.1,52.3,333,0.4,35,,,,,,,,
12/12/2013 01:59:30,41.391924,0.2,0.0,52.4,366,0.6,35,,,,,,,,
12/12/2013 02:00:00,41.604615,0.2,0.1,52.4,303,0.8,35,,,,,,,,
12/12/2013 02:00:30,41.815929,0.2,0.1,52.4,328,1.0,35,,,,,,,,
12/12/2013 02:01:00,41.951397,0.1,0.0,52.3,349,0.1,36,,,,,,,,
12/12/2013 02:01:30,42.121559,0.2,0.1,52.5,358,0.3,36,,,,,,,,
12/12/2013 02:02:00,42.241093,0.1,0.0,52.4,360,0.4,36,,,,,,,,
12/12/2013 02:02:30,42.458359,0.2,0.1,52.5,364,0.6,36,,,,,,,,
12/12/2013 02:03:00,42.751822,0.3,0.1,52.6,327,0.9,36,,,,,,,,
12/12/2013 02:03:30,42.892267,0.1,0.0,52.5,345,1.1,36,,,,,,,,
12/12/2013 02:04:00,43.077601,0.2,0.1,52.7,378,0.2,37,,,,,,,,
12/12/2013 02:04:30,43.214151,0.1,0.0,52.7,391,0.3,37,,,,,,,,
12/12/2013 02:05:00,43.357762,0.1,0.0,52.9,388,0.5,37,,,,,,,,
12/12/2013 02:05:30,43.568749,0.2,0.1,52.9,358,0.7,37,,,,,,,,
12/12/2013 02:06:00,43.780694,0.2,0.1,53.0,372,0.9,37,,,,,,,,
12/12/2013 02:06:30,44.064843,0.3,0.1,53.0,386,1.2,37,,,,,,,,
12/12/2013 02:07:00,44.301626,0.2,0.1,53.1,362,0.2,38,,,,,,,,
12/12/2013 02:07:30,44.548805,0.2,0.1,53.3,382,0.5,38,,,,,,,,
12/12/2013 02:08:00,44.727577,0.2,0.1,53.1,335,0.7,38,,,,,,,,
12/12/2013 02:08:30,45.008481,0.3,0.1,53.2,346,0.9,38,,,,,,,,
12/12/2013 02:09:00,45.209852,0.2,0.1,53.3,350,1.1,38,,,,,,,,
12/12/2013 02:09:30,45.453528,0.2,0.1,53.5,332,0.2,39,,,,,,,,
12/12/2013 02:10:00,45.659277,0.2,0.1,53.5,316,0.4,39,,,,,,,,
12/12/2013 02:10:30,45.822529,0.2,0.0,53.7,352,0.6,39,,,,,,,,
12/12/2013 02:11:00,46.043910,0.2,0.1,53.5,340,0.8,39,,,,,,,,
12/12/2013 02:11:30,46.244786,0.2,0.1,53.5,376,1.0,39,,,,,,,,
12/12/2013 02:12:00,46.504736,0.3,0.1,53.7,318,0.3,40,,,,,,,,
12/12/2013 02:12:30,46.721451,0.2,0.1,53.8,364,0.5,40,,,,,,,,
12/12/2013 02:13:00,46.952203,0.2,0.1,53.5,341,0.7,40,,,,,,,,
12/12/2013 02:13:30,47.245189,0.3,0.1,53.6,341,1.0,40,,,,,,,,
12/12/2013 02:14:00,47.463799,0.2,0.1,53.5,382,0.2,41,,,,,,,,
12/12/2013 02:14:30,47.813001,0.3,0.1,53.7,358,0.6,41,,,,,,,,
12/12/2013 02:15:00,48.172683,0.4,0.1,53.8,320,0.9,41,,,,,,,,
12/12/2013 02:15:30,48.560843,0.4,0.1,53.8,329,1.3,41,,,,,,,,
12/12/2013 02:16:00,48.903147,0.3,0.1,54.0,304,0.3,42,,,,,,,,
12/12/2013 02:16:30,49.288356,0.4,0.1,54.0,330,0.7,42,,,,,,,,
12/12/2013 02:17:00,49.645750,0.4,0.1,54.0,331,1.1,42,,,,,,,,
12/12/2013 02:17:30,50.053443,0.4,0.1,54.3,340,0.4,43,,,,,,,,
12/12/2013 02:18:00,50.416869,0.4,0.1,54.3,341,0.8,43,,,,,,,,
12/12/2013 02:18:30,50.757724,0.3,0.1,54.1,347,1.1,43,,,,,,,,
12/12/2013 02:19:00,51.249504,0.5,0.1,54.1,343,0.5,44,,,,,,,,
12/12/2013 02:19:30,51.568679,0.3,0.1,54.1,359,0.8,44,,,,,,,,
12/12/2013 02:20:00,52.020630,0.5,0.1,54.4,351,1.3,44,,,,,,,,
12/12/2013 02:20:30,52.517132,0.5,0.2,54.5,344,0.5,45,,,,,,,,
12/12/2013 02:21:00,52.949162,0.4,0.1,54.5,376,0.9,45,,,,,,,,
12/12/2013 02:21:30,53.466881,0.5,0.2,54.6,395,1.4,45,,,,,,,,
12/12/2013 02:22:00,54.084964,0.6,0.2,54.6,381,0.6,46,,,,,,,,
12/12/2013 02:22:30,54.687977,0.6,0.2,54.9,378,1.2,46,,,,,,,,
12/12/2013 02:23:00,55.370286,0.7,0.2,55.1,387,0.7,47,,,,,,,,
12/12/2013 02:23:30,56.017851,0.6,0.2,55.1,352,1.3,47,,,,,,,,
12/12/2013 02:24:00,56.628239,0.6,0.2,55.0,378,0.6,48,,,,,,,,
12/12/2013 02:24:30,57.382932,0.8,0.2,55.2,346,1.4,48,,,,,,,,
12/12/2013 02:25:00,58.005386,0.6,0.2,55.2,364,0.6,49,,,,,,,,
12/12/2013 02:25:30,58.688708,0.7,0.2,55.5,359,1.3,49,,,,,,,,
12/12/2013 02:26:00,59.487573,0.8,0.2,55.6,383,0.8,50,,,,,,,,
12/12/2013 02:26:30,60.145000,0.7,0.2,55.6,397,1.5,50,,,,,,,,
12/12/2013 02:27:00,60.873020,0.7,0.2,55.6,405,0.7,51,,,,,,,,
12/12/2013 02:27:30,61.692877,0.8,0.2,55.9,350,1.5,51,,,,,,,,
12/12/2013 02:28:00,62.496239,0.8,0.2,55.8,366,0.8,52,,,,,,,,
12/12/2013 02:28:30,63.288708,0.8,0.2,55.9,335,1.6,52,,,,,,,,
12/12/2013 02:29:00,64.116543,0.8,0.3,55.8,337,0.8,53,,,,,,,,
12/12/2013 02:29:30,64.927306,0.8,0.2,56.0,338,1.6,53,,,,,,,,
12/12/2013 02:30:00,65.820392,0.9,0.3,56.1,338,0.9,54,,,,,,,,
12/12/2013 02:30:30,66.648716,0.8,0.3,56.2,391,1.7,54,,,,,,,,
12/12/2013 02:31:00,67.505615,0.9,0.3,56.3,360,0.9,55,,,,,,,,
12/12/2013 02:31:30,68.437267,0.9,0.3,56.4,412,1.8,55,,,,,,,,
12/12/2013 02:32:00,69.244678,0.8,0.2,56.5,388,0.8,56,,,,,,,,
12/12/2013 02:32:30,70.045061,0.8,0.2,56.5,391,1.6,56,,,,,,,,
12/12/2013 02:33:00,70.847542,0.8,0.2,57.0,406,0.8,57,,,,,,,,
12/12/2013 02:33:30,71.664471,0.8,0.2,57.0,379,1.6,57,,,,,,,,
12/12/2013 02:34:00,72.371511,0.7,0.2,57.1,346,0.7,58,,,,,,,,
12/12/2013 02:34:30,73.087118,0.7,0.2,57.1,361,1.4,58,,,,,,,,
12/12/2013 02:35:00,73.752422,0.7,0.2,57.2,344,0.7,59,,,,,,,,
12/12/2013 02:35:30,74.537082,0.8,0.2,57.4,357,1.4,59,,,,,,,,
12/12/2013 02:36:00,75.195792,0.7,0.2,57.5,328,0.7,60,,,,,,,,
12/12/2013 02:36:30,75.901783,0.7,0.2,57.7,345,1.4,60,,,,,,,,
12/12/2013 02:37:00,76.597305,0.7,0.2,58.0,312,0.7,61,,,,,,,,
12/12/2013 02:37:30,77.266739,0.7,0.2,58.2,326,1.4,61,,,,,,,,
12/12/2013 02:38:00,77.937762,0.7,0.2,58.3,307,0.7,62,,,,,,,,
12/12/2013 02:38:30,78.595416,0.7,0.2,58.4,327,1.3,62,,,,,,,,
12/12/2013 02:39:00,79.372807,0.8,0.2,58.6,345,0.8,63,,,,,,,,
12/12/2013 02:39:30,80.062430,0.7,0.2,58.6,360,1.5,63,,,,,,,,
12/12/2013 02:40:00,80.813683,0.8,0.2,58.8,389,0.8,64,,,,,,,,
12/12/2013 02:40:30,81.238175,0.4,0.1,58.7,344,1.2,64,,,,,,,,
12/12/2013 02:41:00,81.932096,0.7,0.2,59.1,335,0.7,65,,,,,,,,
12/12/2013 02:41:30,82.430597,0.5,0.2,59.1,320,1.2,65,,,,,,,,
12/12/2013 02:42:00,82.955347,0.5,0.2,59.5,338,0.5,66,,,,,,,,
12/12/2013 02:42:30,83.436114,0.5,0.1,59.6,354,1.0,66,,,,,,,,
12/12/2013 02:43:00,83.944227,0.5,0.2,59.9,367,0.5,67,,,,,,,,
12/12/2013 02:43:30,84.463797,0.5,0.2,60.0,350,1.0,67,,,,,,,,
12/12/2013 02:44:00,85.080557,0.6,0.2,60.3,337,0.6,68,,,,,,,,
12/12/2013 02:44:30,85.824659,0.7,0.2,60.5,328,1.4,68,,,,,,,,
12/12/2013 02:45:00,86.561420,0.7,0.2,60.7,350,0.7,69,,,,,,,,
12/12/2013 02:45:30,87.495523,0.9,0.3,61.4,377,1.7,69,,,,,,,,
12/12/2013 02:46:00,88.137865,0.6,0.2,61.2,325,0.6,70,,,,,,,,
12/12/2013 02:46:30,88.952967,0.8,0.2,61.4,301,1.5,70,,,,,,,,
12/12/2013 02:47:00,89.820988,0.9,0.3,61.8,354,0.9,71,,,,,,,,
12/12/2013 02:47:30,90.617718,0.8,0.2,62.0,350,1.7,71,,,,,,,,
12/12/2013 02:48:00,91.551620,0.9,0.3,62.2,334,0.9,72,,,,,,,,
12/12/2013 02:48:30,92.575899,1.0,0.3,62.7,360,2.0,72,,,,,,,,
12/12/2013 02:49:00,93.783997,1.2,0.4,63.0,308,1.2,73,,,,,,,,
12/12/2013 02:49:30,95.333376,1.5,0.5,63.1,288,1.5,74,,,,,,,,
12/12/2013 02:50:00,97.197977,1.9,0.6,63.3,286,1.9,75,,,,,,,,
12/12/2013 02:50:30,99.098524,1.9,0.6,63.8,263,1.9,76,,,,,,,,
12/12/2013 02:51:00,101.394744,2.3,0.7,63.8,279,2.3,77,,,,,,,,
12/12/2013 02:51:30,103.687250,2.3,0.7,64.3,302,2.3,78,,,,,,,,
12/12/2013 02:52:00,105.623335,1.9,0.6,64.1,327,1.9,79,,,,,,,,
12/12/2013 02:52:30,107.627973,2.0,0.6,64.3,334,2.0,80,,,,,,,,
12/12/2013 02:53:00,109.106360,1.5,0.4,65.0,304,1.5,81,,,,,,,,
12/12/2013 02:53:30,110.179493,1.1,0.3,65.7,394,1.1,82,,,,,,,,
12/12/2013 02:54:00,110.968482,0.8,0.2,66.4,447,0.8,83,,,,,,,,
12/12/2013 02:54:30,111.612922,0.6,0.2,67.8,407,1.4,83,,,,,,,,
12/12/2013 02:55:00,112.066772,0.5,0.1,69.3,404,0.5,84,,,,,,,,
12/12/2013 02:55:30,112.695732,0.6,0.2,71.4,386,1.1,84,,,,,,,,
12/12/2013 02:56:00,113.121340,0.4,0.1,72.9,370,0.4,85,,,,,,,,
12/12/2013 02:56:30,113.709910,0.6,0.2,74.2,427,1.0,85,,,,,,,,
12/12/2013 02:57:00,114.671820,1.0,0.3,75.7,403,1.0,86,,,,,,,,
12/12/2013 02:57:30,115.314870,0.6,0.2,77.2,449,1.6,86,,,,,,,,
12/12/2013 02:58:00,116.257419,0.9,0.3,78.0,441,0.9,87,,,,,,,,
12/12/2013 02:58:30,117.039793,0.8,0.2,79.0,381,1.7,87,,,,,,,,
12/12/2013 02:59:00,117.291100,0.3,0.1,79.4,366,0.3,88,,,,,,,,
12/12/2013 02:59:30,117.291100,0.0,0.0,79.8,442,0.3,88,,,,,,,,
12/12/2013 03:00:00,117.291100,0.0,0.0,80.2,409,0.3,88,,,,,,,,
12/12/2013 03:00:30,117.291100,0.0,0.0,81.2,406,0.3,88,,,,,,,,
12/12/2013 03:01:00,117.291100,0.0,0.0,81.3,403,0.3,88,,,,,,,,
12/12/2013 03:01:30,117.291100,0.0,0.0,81.7,355,0.3,88,,,,,,,,
12/12/2013 03:02:00,117.291100,0.0,0.0,81.4,354,0.3,88,,,,,,,,
12/12/2013 03:02:30,117.291100,0.0,0.0,81.7,375,0.3,88,,,,,,,,
12/12/2013 03:03:00,117.291100,0.0,0.0,81.7,377,0.3,88,,,,,,,,
12/12/2013 03:03:30,117.291100,0.0,0.0,82.1,365,0.3,88,,,,,,,,
12/12/2013 03:04:00,117.291100,0.0,0.0,82.2,398,0.3,88,,,,,,,,
12/12/2013 03:04:30,117.291100,0.0,0.0,82.5,402,0.3,88,,,,,,,,
12/12/2013 03:05:00,117.291100,0.0,0.0,82.0,396,0.3,88,,,,,,,,
12/12/2013 03:05:30,117.682144,0.4,0.1,82.1,362,0.6,88,,,,,,,,
12/12/2013 03:06:00,119.083037,1.4,0.4,82.2,381,2.0,88,,,,,,,,
12/12/2013 03:06:30,120.323943,1.2,0.4,82.4,368,1.2,89,,,,,,,,
12/12/2013 03:07:00,121.796945,1.5,0.4,81.9,377,1.5,90,,,,,,,,
12/12/2013 03:07:30,123.513838,1.7,0.5,82.0,398,1.7,91,,,,,,,,
12/12/2013 03:08:00,125.073823,1.6,0.5,81.8,372,1.6,92,,,,,,,,
12/12/2013 03:08:30,126.636550,1.6,0.5,81.6,350,1.6,93,,,,,,,,
12/12/2013 03:09:00,128.347758,1.7,0.5,81.2,390,1.7,94,,,,,,,,
12/12/2013 03:09:30,130.116519,1.8,0.5,80.9,413,1.8,95,,,,,,,,
12/12/2013 03:10:00,131.908324,1.8,0.5,80.5,367,1.8,96,,,,,,,,
12/12/2013 03:10:30,133.529718,1.6,0.5,79.8,359,1.6,97,,,,,,,,
12/12/2013 03:11:00,135.592854,2.1,0.6,79.9,429,2.1,98,,,,,,,,
12/12/2013 03:11:30,137.613847,2.0,0.6,79.7,418,2.0,99,,,,,,,,
12/12/2013 03:12:00,139.602086,2.0,0.6,79.7,424,2.0,100,,,,,,,,
12/12/2013 03:12:30,141.566073,2.0,0.6,79.6,398,2.0,101,,,,,,,,
12/12/2013 03:13:00,144.025998,2.5,0.7,79.5,335,2.5,102,,,,,,,,
12/12/2013 03:13:30,146.569316,2.5,0.8,79.3,329,2.5,103,,,,,,,,
12/12/2013 03:14:00,148.969934,2.4,0.7,78.9,303,2.4,104,,,,,,,,
12/12/2013 03:14:30,151.581066,2.6,0.8,78.2,392,2.6,105,,,,,,,,
12/12/2013 03:15:00,154.148560,2.6,0.8,78.1,331,2.6,106,,,,,,,,
12/12/2013 03:15:30,156.742302,2.6,0.8,77.6,318,2.6,107,,,,,,,,
12/12/2013 03:16:00,159.247954,2.5,0.8,76.6,286,2.5,108,,,,,,,,
12/12/2013 03:16:30,162.223278,3.0,0.9,76.1,320,3.0,109,,,,,,,,
12/12/2013 03:17:00,165.391872,3.2,1.0,75.3,375,3.2,110,,,,,,,,
12/12/2013 03:17:30,168.399458,3.0,0.9,75.0,421,3.0,111,,,,,,,,
12/12/2013 03:18:00,171.107412,2.7,0.8,74.2,362,2.7,112,,,,,,,,
12/12/2013 03:18:30,174.078316,3.0,0.9,73.6,307,3.0,113,,,,,,,,
12/12/2013 03:19:00,177.340335,3.3,1.0,73.4,286,3.3,114,,,,,,,,
12/12/2013 03:19:30,180.584347,3.2,1.0,72.6,288,3.2,115,,,,,,,,
12/12/2013 03:20:00,183.606290,3.0,0.9,72.0,324,3.0,116,,,,,,,,
12/12/2013 03:20:30,186.575146,3.0,0.9,71.8,337,3.0,117,,,,,,,,
12/12/2013 03:21:00,189.547777,3.0,0.9,71.5,346,3.0,118,,,,,,,,
12/12/2013 03:21:30,192.319034,2.8,0.8,70.9,385,2.8,119,,,,,,,,
12/12/2013 03:22:00,194.958688,2.6,0.8,70.4,326,2.6,120,,,,,,,,
12/12/2013 03:22:30,197.879595,2.9,0.9,70.4,392,2.9,121,,,,,,,,
12/12/2013 03:23:00,200.839658,3.0,0.9,70.1,384,3.0,122,,,,,,,,
12/12/2013 03:23:30,203.355952,2.5,0.8,69.6,355,2.5,123,,,,,,,,
12/12/2013 03:24:00,205.809425,2.5,0.7,69.2,335,2.5,124,,,,,,,,
12/12/2013 03:24:30,208.153276,2.3,0.7,68.7,342,2.3,125,,,,,,,,
12/12/2013 03:25:00,211.037412,2.9,0.9,68.3,410,2.9,126,,,,,,,,
12/12/2013 03:25:30,213.332929,2.3,0.7,68.3,376,2.3,127,,,,,,,,
12/12/2013 03:26:00,215.383627,2.1,0.6,68.2,328,2.1,128,,,,,,,,
12/12/2013 03:26:30,217.431229,2.0,0.6,67.8,313,2.0,129,,,,,,,,
12/12/2013 03:27:00,219.356081,1.9,0.6,67.1,308,1.9,130,,,,,,,,
12/12/2013 03:27:30,221.021727,1.7,0.5,67.3,306,1.7,131,,,,,,,,
12/12/2013 03:28:00,222.403484,1.4,0.4,67.3,367,1.4,132,,,,,,,,
12/12/2013 03:28:30,224.313828,1.9,0.6,66.9,289,1.9,133,,,,,,,,
12/12/2013 03:29:00,225.929886,1.6,0.5,66.4,324,1.6,134,,,,,,,,
12/12/2013 03:29:30,227.523463,1.6,0.5,65.9,310,1.6,135,,,,,,,,
12/12/2013 03:30:00,228.955475,1.4,0.4,65.3,283,1.4,136,,,,,,,,
12/12/2013 03:30:30,230.928775,2.0,0.6,65.0,284,2.0,137,,,,,,,,
12/12/2013 03:31:00,232.811934,1.9,0.6,64.9,294,1.9,138,,,,,,,,
12/12/2013 03:31:30,234.412057,1.6,0.5,64.6,302,1.6,139,,,,,,,,
12/12/2013 03:32:00,236.145820,1.7,0.5,64.4,293,1.7,140,,,,,,,,
12/12/2013 03:32:30,237.873882,1.7,0.5,63.8,260,1.7,141,,,,,,,,
12/12/2013 03:33:00,239.739208,1.9,0.6,63.9,339,1.9,142,,,,,,,,
12/12/2013 03:33:30,240.829067,1.1,0.3,63.7,359,1.1,143,,,,,,,,
12/12/2013 03:34:00,242.431390,1.6,0.5,63.4,329,1.6,144,,,,,,,,
12/12/2013 03:34:30,243.770145,1.3,0.4,63.0,396,1.3,145,,,,,,,,
12/12/2013 03:35:00,245.103729,1.3,0.4,62.5,362,1.3,146,,,,,,,,
12/12/2013 03:35:30,246.186485,1.1,0.3,62.5,353,1.1,147,,,,,,,,
12/12/2013 03:36:00,247.449254,1.3,0.4,62.1,308,1.3,148,,,,,,,,
12/12/2013 03:36:30,248.532717,1.1,0.3,62.0,321,1.1,149,,,,,,,,
12/12/2013 03:37:00,249.260289,0.7,0.2,62.0,325,0.7,150,,,,,,,,
12/12/2013 03:37:30,250.135739,0.9,0.3,61.8,352,1.6,150,,,,,,,,
12/12/2013 03:38:00,251.036689,0.9,0.3,61.5,343,0.9,151,,,,,,,,
12/12/2013 03:38:30,252.029524,1.0,0.3,61.6,306,1.9,151,,,,,,,,
12/12/2013 03:39:00,252.404167,0.4,0.1,61.7,390,0.4,152,,,,,,,,
12/12/2013 03:39:30,252.961448,0.6,0.2,61.6,391,0.9,152,,,,,,,,
12/12/2013 03:40:00,253.252261,0.3,0.1,61.1,411,1.2,152,,,,,,,,
12/12/2013 03:40:30,253.688708,0.4,0.1,61.3,376,0.4,153,,,,,,,,
12/12/2013 03:41:00,253.688708,0.0,0.0,61.4,406,0.4,153,,,,,,,,
12/12/2013 03:41:30,254.096012,0.4,0.1,61.2,356,0.8,153,,,,,,,,
12/12/2013 03:42:00,254.478969,0.4,0.1,61.3,357,1.2,153,,,,,,,,
12/12/2013 03:42:30,254.478969,0.0,0.0,61.4,358,0.0,154,,,,,,,,
12/12/2013 03:43:00,254.478969,0.0,0.0,61.6,377,0.0,154,,,,,,,,
12/12/2013 03:43:30,254.478969,0.0,0.0,61.3,355,0.0,154,,,,,,,,
12/12/2013 03:44:00,254.478969,0.0,0.0,61.4,327,0.0,154,,,,,,,,
12/12/2013 03:44:30,254.478969,0.0,0.0,61.5,393,0.0,154,,,,,,,,
12/12/2013 03:45:00,254.478969,0.0,0.0,61.5,405,0.0,154,,,,,,,,
12/12/2013 03:45:30,254.478969,0.0,0.0,61.5,351,0.0,154,,,,,,,,
12/12/2013 03:46:00,254.478969,0.0,0.0,61.6,366,0.0,154,,,,,,,,
12/12/2013 03:46:30,254.478969,0.0,0.0,61.5,342,0.0,154,,,,,,,,
12/12/2013 03:47:00,254.478969,0.0,0.0,61.6,345,0.0,154,,,,,,,,
12/12/2013 03:47:30,254.478969,0.0,0.0,61.6,344,0.0,154,,,,,,,,
12/12/2013 03:48:00,254.478969,0.0,0.0,61.8,382,0.0,154,,,,,,,,
12/12/2013 03:48:30,254.478969,0.0,0.0,61.7,381,0.0,154,,,,,,,,
12/12/2013 03:49:00,254.478969,0.0,0.0,62.0,317,0.0,154,,,,,,,,
12/12/2013 03:49:30,254.478969,0.0,0.0,61.9,355,0.0,154,,,,,,,,
12/12/2013 03:50:00,254.478969,0.0,0.0,62.1,387,0.0,154,,,,,,,,
12/12/2013 03:50:30,254.478969,0.0,0.0,62.2,362,0.0,154,,,,,,,,
12/12/2013 03:51:00,254.478969,0.0,0.0,62.2,339,0.0,154,,,,,,,,
12/12/2013 03:51:30,254.478969,0.0,0.0,62.5,376,0.0,154,,,,,,,,
12/12/2013 03:52:00,254.478969,0.0,0.0,62.7,407,0.0,154,,,,,,,,
12/12/2013 03:52:30,254.478969,0.0,0.0,63.2,365,0.0,154,,,,,,,,
12/12/2013 03:53:00,254.478969,0.0,0.0,63.5,444,0.0,154,,,,,,,,
12/12/2013 03:53:30,254.478969,0.0,0.0,64.0,429,0.0,154,,,,,,,,
12/12/2013 03:54:00,254.478969,0.0,0.0,64.5,344,0.0,154,,,,,,,,
12/12/2013 03:54:30,254.478969,0.0,0.0,64.7,329,0.0,154,,,,,,,,
12/12/2013 03:55:00,254.478969,0.0,0.0,65.2,350,0.0,154,,,,,,,,
12/12/2013 03:55:30,254.478969,0.0,0.0,65.3,354,0.0,154,,,,,,,,
12/12/2013 03:56:00,254.478969,0.0,0.0,65.8,324,0.0,154,,,,,,,,
12/12/2013 03:56:30,254.478969,0.0,0.0,65.9,275,0.0,154,,,,,,,,
12/12/2013 03:57:00,254.478969,0.0,0.0,66.0,349,0.0,154,,,,,,,,
12/12/2013 03:57:30,254.478969,0.0,0.0,66.0,361,0.0,154,,,,,,,,
12/12/2013 03:58:00,254.478969,0.0,0.0,66.9,340,0.0,154,,,,,,,,
12/12/2013 03:58:30,254.478969,0.0,0.0,67.3,398,0.0,154,,,,,,,,
12/12/2013 03:59:00,254.478969,0.0,0.0,67.5,367,0.0,154,,,,,,,,
12/12/2013 03:59:30,254.478969,0.0,0.0,67.9,383,0.0,154,,,,,,,,
12/12/2013 04:00:00,254.478969,0.0,0.0,68.1,343,0.0,154,,,,,,,,
12/12/2013 04:00:30,254.478969,0.0,0.0,68.7,335,0.0,154,,,,,,,,
12/12/2013 04:01:00,254.478969,0.0,0.0,68.8,309,0.0,154,,,,,,,,
12/12/2013 04:01:30,254.478969,0.0,0.0,68.8,298,0.0,154,,,,,,,,
12/12/2013 04:02:00,254.478969,0.0,0.0,69.3,306,0.0,154,,,,,,,,
12/12/2013 04:02:30,254.478969,0.0,0.0,69.3,313,0.0,154,,,,,,,,
12/12/2013 04:03:00,254.478969,0.0,0.0,69.2,279,0.0,154,,,,,,,,
12/12/2013 04:03:30,254.478969,0.0,0.0,69.4,320,0.0,154,,,,,,,,
12/12/2013 04:04:00,254.478969,0.0,0.0,69.6,346,0.0,154,,,,,,,,
12/12/2013 04:04:30,254.478969,0.0,0.0,69.8,342,0.0,154,,,,,,,,
12/12/2013 04:05:00,254.478969,0.0,0.0,69.6,350,0.0,154,,,,,,,,
12/12/2013 04:05:30,254.478969,0.0,0.0,69.6,322,0.0,154,,,,,,,,
12/12/2013 04:06:00,254.478969,0.0,0.0,69.7,314,0.0,154,,,,,,,,
12/12/2013 04:06:30,254.478969,0.0,0.0,69.6,288,0.0,154,,,,,,,,
12/12/2013 04:07:00,254.478969,0.0,0.0,69.5,344,0.0,154,,,,,,,,
12/12/2013 04:07:30,254.478969,0.0,0.0,69.4,448,0.0,154,,,,,,,,
12/12/2013 04:08:00,254.478969,0.0,0.0,69.8,384,0.0,154,,,,,,,,
12/12/2013 04:08:30,254.478969,0.0,0.0,69.7,398,0.0,154,,,,,,,,
12/12/2013 04:09:00,254.478969,0.0,0.0,69.7,397,0.0,154,,,,,,,,
12/12/2013 04:09:30,254.478969,0.0,0.0,70.0,464,0.0,154,,,,,,,,
12/12/2013 04:10:00,254.478969,0.0,0.0,70.6,387,0.0,154,,,,,,,,
12/12/2013 04:10:30,254.478969,0.0,0.0,70.7,376,0.0,154,,,,,,,,
12/12/2013 04:11:00,254.478969,0.0,0.0,71.0,321,0.0,154,,,,,,,,
12/12/2013 04:11:30,254.478969,0.0,0.0,70.9,370,0.0,154,,,,,,,,
12/12/2013 04:12:00,254.478969,0.0,0.0,70.9,401,0.0,154,,,,,,,,
12/12/2013 04:12:30,254.478969,0.0,0.0,71.2,388,0.0,154,,,,,,,,
12/12/2013 04:13:00,254.478969,0.0,0.0,71.2,450,0.0,154,,,,,,,,
12/12/2013 04:13:30,254.478969,0.0,0.0,70.9,404,0.0,154,,,,,,,,
12/12/2013 04:14:00,254.478969,0.0,0.0,71.2,426,0.0,154,,,,,,,,
12/12/2013 04:14:30,254.478969,0.0,0.0,71.7,355,0.0,154,,,,,,,,
12/12/2013 04:15:00,254.478969,0.0,0.0,71.8,370,0.0,154,,,,,,,,
12/12/2013 04:15:30,254.478969,0.0,0.0,71.8,363,0.0,154,,,,,,,,
12/12/2013 04:16:00,254.478969,0.0,0.0,71.7,284,0.0,154,,,,,,,,
12/12/2013 04:16:30,254.478969,0.0,0.0,71.3,312,0.0,154,,,,,,,,
12/12/2013 04:17:00,254.478969,0.0,0.0,71.1,301,0.0,154,,,,,,,,
12/12/2013 04:17:30,254.478969,0.0,0.0,70.9,355,0.0,154,,,,,,,,
12/12/2013 04:18:00,254.478969,0.0,0.0,71.1,387,0.0,154,,,,,,,,
12/12/2013 04:18:30,254.478969,0.0,0.0,70.9,330,0.0,154,,,,,,,,
12/12/2013 04:19:00,254.478969,0.0,0.0,71.1,334,0.0,154,,,,,,,,
12/12/2013 04:19:30,254.478969,0.0,0.0,71.0,309,0.0,154,,,,,,,,
12/12/2013 04:20:00,254.478969,0.0,0.0,71.1,417,0.0,154,,,,,,,,
12/12/2013 04:20:30,254.478969,0.0,0.0,71.0,431,0.0,154,,,,,,,,
12/12/2013 04:21:00,254.478969,0.0,0.0,71.1,355,0.0,154,,,,,,,,
12/12/2013 04:21:30,254.478969,0.0,0.0,71.2,377,0.0,154,,,,,,,,
12/12/2013 04:22:00,254.478969,0.0,0.0,71.1,347,0.0,154,,,,,,,,
12/12/2013 04:22:30,254.478969,0.0,0.0,71.2,327,0.0,154,,,,,,,,
12/12/2013 04:23:00,254.478969,0.0,0.0,70.9,357,0.0,154,,,,,,,,
12/12/2013 04:23:30,254.478969,0.0,0.0,70.4,344,0.0,154,,,,,,,,
12/12/2013 04:24:00,254.478969,0.0,0.0,70.4,347,0.0,154,,,,,,,,
12/12/2013 04:24:30,254.478969,0.0,0.0,69.9,377,0.0,154,,,,,,,,
12/12/2013 04:25:00,254.478969,0.0,0.0,69.9,338,0.0,154,,,,,,,,
12/12/2013 04:25:30,254.478969,0.0,0.0,69.6,342,0.0,154,,,,,,,,
12/12/2013 04:26:00,254.478969,0.0,0.0,69.9,414,0.0,154,,,,,,,,
12/12/2013 04:26:30,254.478969,0.0,0.0,69.9,379,0.0,154,,,,,,,,
12/12/2013 04:27:00,254.478969,0.0,0.0,70.0,358,0.0,154,,,,,,,,
12/12/2013 04:27:30,254.478969,0.0,0.0,70.1,332,0.0,154,,,,,,,,
12/12/2013 04:28:00,254.478969,0.0,0.0,69.6,307,0.0,154,,,,,,,,
12/12/2013 04:28:30,254.478969,0.0,0.0,69.5,320,0.0,154,,,,,,,,
12/12/2013 04:29:00,254.478969,0.0,0.0,68.8,326,0.0,154,,,,,,,,
12/12/2013 04:29:30,254.478969,0.0,0.0,68.8,295,0.0,154,,,,,,,,
12/12/2013 04:30:00,254.478969,0.0,0.0,68.4,299,0.0,154,,,,,,,,
12/12/2013 04:30:30,254.478969,0.0,0.0,68.5,285,0.0,154,,,,,,,,
12/12/2013 04:31:00,254.478969,0.0,0.0,67.7,361,0.0,154,,,,,,,,
12/12/2013 04:31:30,254.478969,0.0,0.0,67.5,369,0.0,154,,,,,,,,
12/12/2013 04:32:00,254.478969,0.0,0.0,67.4,325,0.0,154,,,,,,,,
12/12/2013 04:32:30,254.478969,0.0,0.0,67.5,326,0.0,154,,,,,,,,
12/12/2013 04:33:00,254.478969,0.0,0.0,67.6,365,0.0,154,,,,,,,,
12/12/2013 04:33:30,254.478969,0.0,0.0,67.6,319,0.0,154,,,,,,,,
12/12/2013 04:34:00,254.478969,0.0,0.0,67.0,328,0.0,154,,,,,,,,
12/12/2013 04:34:30,254.478969,0.0,0.0,66.9,289,0.0,154,,,,,,,,
12/12/2013 04:35:00,254.478969,0.0,0.0,66.9,321,0.0,154,,,,,,,,
12/12/2013 04:35:30,254.478969,0.0,0.0,67.0,337,0.0,154,,,,,,,,
12/12/2013 04:36:00,254.478969,0.0,0.0,66.7,350,0.0,154,,,,,,,,
12/12/2013 04:36:30,254.478969,0.0,0.0,66.7,354,0.0,154,,,,,,,,
12/12/2013 04:37:00,254.478969,0.0,0.0,66.6,304,0.0,154,,,,,,,,
12/12/2013 04:37:30,254.478969,0.0,0.0,66.2,333,0.0,154,,,,,,,,
12/12/2013 04:38:00,254.478969,0.0,0.0,66.4,325,0.0,154,,,,,,,,
12/12/2013 04:38:30,254.478969,0.0,0.0,66.2,324,0.0,154,,,,,,,,
12/12/2013 04:39:00,254.478969,0.0,0.0,66.1,366,0.0,154,,,,,,,,
12/12/2013 04:39:30,254.478969,0.0,0.0,66.0,358,0.0,154,,,,,,,,
12/12/2013 04:40:00,254.478969,0.0,0.0,65.9,332,0.0,154,,,,,,,,
12/12/2013 04:40:30,254.478969,0.0,0.0,66.2,341,0.0,154,,,,,,,,
12/12/2013 04:41:00,254.478969,0.0,0.0,65.8,371,0.0,154,,,,,,,,
12/12/2013 04:41:30,254.478969,0.0,0.0,65.5,370,0.0,154,,,,,,,,
12/12/2013 04:42:00,254.478969,0.0,0.0,65.8,364,0.0,154,,,,,,,,
12/12/2013 04:42:30,254.478969,0.0,0.0,65.9,324,0.0,154,,,,,,,,
12/12/2013 04:43:00,254.478969,0.0,0.0,66.2,414,0.0,154,,,,,,,,
12/12/2013 04:43:30,254.478969,0.0,0.0,66.2,375,0.0,154,,,,,,,,
12/12/2013 04:44:00,254.478969,0.0,0.0,66.5,313,0.0,154,,,,,,,,
12/12/2013 04:44:30,254.478969,0.0,0.0,66.5,317,0.0,154,,,,,,,,
12/12/2013 04:45:00,254.478969,0.0,0.0,66.1,306,0.0,154,,,,,,,,
12/12/2013 04:45:30,254.478969,0.0,0.0,66.2,317,0.0,154,,,,,,,,
12/12/2013 04:46:00,254.478969,0.0,0.0,66.3,327,0.0,154,,,,,,,,
12/12/2013 04:46:30,254.478969,0.0,0.0,66.4,387,0.0,154,,,,,,,,
12/12/2013 04:47:00,254.478969,0.0,0.0,66.5,385,0.0,154,,,,,,,,
12/12/2013 04:47:30,254.478969,0.0,0.0,66.7,323,0.0,154,,,,,,,,
12/12/2013 04:48:00,254.478969,0.0,0.0,66.5,339,0.0,154,,,,,,,,
12/12/2013 04:48:30,254.478969,0.0,0.0,66.5,334,0.0,154,,,,,,,,
12/12/2013 04:49:00,254.478969,0.0,0.0,66.6,349,0.0,154,,,,,,,,
12/12/2013 04:49:30,254.478969,0.0,0.0,66.9,339,0.0,154,,,,,,,,
12/12/2013 04:50:00,254.478969,0.0,0.0,67.0,330,0.0,154,,,,,,,,
12/12/2013 04:50:30,254.478969,0.0,0.0,66.7,342,0.0,154,,,,,,,,
12/12/2013 04:51:00,254.478969,0.0,0.0,66.6,327,0.0,154,,,,,,,,
12/12/2013 04:51:30,254.478969,0.0,0.0,66.9,308,0.0,154,,,,,,,,
12/12/2013 04:52:00,254.478969,0.0,0.0,67.1,343,0.0,154,,,,,,,,
12/12/2013 04:52:30,254.478969,0.0,0.0,67.3,368,0.0,154,,,,,,,,
12/12/2013 04:53:00,254.478969,0.0,0.0,67.1,338,0.0,154,,,,,,,,
12/12/2013 04:53:30,254.478969,0.0,0.0,67.7,343,0.0,154,,,,,,,,
12/12/2013 04:54:00,254.478969,0.0,0.0,68.1,331,0.0,154,,,,,,,,
12/12/2013 04:54:30,254.478969,0.0,0.0,68.0,442,0.0,154,,,,,,,,
12/12/2013 04:55:00,254.478969,0.0,0.0,68.5,431,0.0,154,,,,,,,,
12/12/2013 04:55:30,254.478969,0.0,0.0,68.9,380,0.0,154,,,,,,,,
12/12/2013 04:56:00,254.478969,0.0,0.0,69.4,349,0.0,154,,,,,,,,
12/12/2013 04:56:30,254.478969,0.0,0.0,69.7,341,0.0,154,,,,,,,,
12/12/2013 04:57:00,254.478969,0.0,0.0,69.8,308,0.0,154,,,,,,,,
12/12/2013 04:57:30,254.478969,0.0,0.0,70.1,316,0.0,154,,,,,,,,
12/12/2013 04:58:00,254.478969,0.0,0.0,70.2,416,0.0,154,,,,,,,,
12/12/2013 04:58:30,254.478969,0.0,0.0,70.6,387,0.0,154,,,,,,,,
12/12/2013 04:59:00,254.478969,0.0,0.0,70.8,409,0.0,154,,,,,,,,
12/12/2013 04:59:30,254.478969,0.0,0.0,71.4,364,0.0,154,,,,,,,,
12/12/2013 05:00:00,254.478969,0.0,0.0,71.7,379,0.0,154,,,,,,,,
12/12/2013 05:00:30,254.478969,0.0,0.0,71.9,300,0.0,154,,,,,,,,
12/12/2013 05:01:00,254.478969,0.0,0.0,71.7,306,0.0,154,,,,,,,,
12/12/2013 05:01:30,254.478969,0.0,0.0,71.8,398,0.0,154,,,,,,,,
12/12/2013 05:02:00,254.478969,0.0,0.0,72.3,403,0.0,154,,,,,,,,
12/12/2013 05:02:30,254.478969,0.0,0.0,72.4,438,0.0,154,,,,,,,,
12/12/2013 05:03:00,254.478969,0.0,0.0,73.1,394,0.0,154,,,,,,,,
12/12/2013 05:03:30,254.478969,0.0,0.0,73.6,374,0.0,154,,,,,,,,
12/12/2013 05:04:00,254.478969,0.0,0.0,73.7,376,0.0,154,,,,,,,,
12/12/2013 05:04:30,254.478969,0.0,0.0,73.7,341,0.0,154,,,,,,,,
12/12/2013 05:05:00,254.478969,0.0,0.0,74.1,317,0.0,154,,,,,,,,
12/12/2013 05:05:30,254.478969,0.0,0.0,74.0,315,0.0,154,,,,,,,,
12/12/2013 05:06:00,254.478969,0.0,0.0,73.8,322,0.0,154,,,,,,,,
12/12/2013 05:06:30,254.478969,0.0,0.0,74.3,347,0.0,154,,,,,,,,
12/12/2013 05:07:00,254.478969,0.0,0.0,74.3,412,0.0,154,,,,,,,,
12/12/2013 05:07:30,254.478969,0.0,0.0,74.6,340,0.0,154,,,,,,,,
12/12/2013 05:08:00,254.478969,0.0,0.0,74.6,327,0.0,154,,,,,,,,
12/12/2013 05:08:30,254.478969,0.0,0.0,74.8,358,0.0,154,,,,,,,,
12/12/2013 05:09:00,254.478969,0.0,0.0,74.9,290,0.0,154,,,,,,,,
12/12/2013 05:09:30,254.478969,0.0,0.0,74.9,286,0.0,154,,,,,,,,
12/12/2013 05:10:00,254.478969,0.0,0.0,74.9,372,0.0,154,,,,,,,,
12/12/2013 05:10:30,254.478969,0.0,0.0,74.8,325,0.0,154,,,,,,,,
12/12/2013 05:11:00,254.478969,0.0,0.0,74.6,305,0.0,154,,,,,,,,
12/12/2013 05:11:30,254.478969,0.0,0.0,74.8,324,0.0,154,,,,,,,,
12/12/2013 05:12:00,254.478969,0.0,0.0,74.7,316,0.0,154,,,,,,,,
12/12/2013 05:12:30,254.478969,0.0,0.0,74.7,286,0.0,154,,,,,,,,
12/12/2013 05:13:00,254.478969,0.0,0.0,74.7,304,0.0,154,,,,,,,,
12/12/2013 05:13:30,254.478969,0.0,0.0,75.0,358,0.0,154,,,,,,,,
12/12/2013 05:14:00,254.478969,0.0,0.0,74.9,349,0.0,154,,,,,,,,
12/12/2013 05:14:30,254.478969,0.0,0.0,74.9,340,0.0,154,,,,,,,,
12/12/2013 05:15:00,254.478969,0.0,0.0,74.9,325,0.0,154,,,,,,,,
12/12/2013 05:15:30,254.478969,0.0,0.0,74.4,304,0.0,154,,,,,,,,
12/12/2013 05:16:00,254.478969,0.0,0.0,74.4,296,0.0,154,,,,,,,,
12/12/2013 05:16:30,254.478969,0.0,0.0,74.3,317,0.0,154,,,,,,,,
12/12/2013 05:17:00,254.478969,0.0,0.0,74.1,312,0.0,154,,,,,,,,
12/12/2013 05:17:30,254.478969,0.0,0.0,73.9,310,0.0,154,,,,,,,,
12/12/2013 05:18:00,254.478969,0.0,0.0,73.6,353,0.0,154,,,,,,,,
12/12/2013 05:18:30,254.478969,0.0,0.0,73.6,359,0.0,154,,,,,,,,
12/12/2013 05:19:00,254.478969,0.0,0.0,73.5,383,0.0,154,,,,,,,,
12/12/2013 05:19:30,254.478969,0.0,0.0,73.8,392,0.0,154,,,,,,,,
12/12/2013 05:20:00,254.478969,0.0,0.0,74.0,349,0.0,154,,,,,,,,
12/12/2013 05:20:30,254.478969,0.0,0.0,74.0,378,0.0,154,,,,,,,,
12/12/2013 05:21:00,254.478969,0.0,0.0,74.2,338,0.0,154,,,,,,,,
12/12/2013 05:21:30,254.478969,0.0,0.0,74.3,333,0.0,154,,,,,,,,
12/12/2013 05:22:00,254.478969,0.0,0.0,74.3,405,0.0,154,,,,,,,,
12/12/2013 05:22:30,254.478969,0.0,0.0,74.2,351,0.0,154,,,,,,,,
12/12/2013 05:23:00,254.478969,0.0,0.0,74.0,341,0.0,154,,,,,,,,
12/12/2013 05:23:30,254.478969,0.0,0.0,73.7,320,0.0,154,,,,,,,,
12/12/2013 05:24:00,254.478969,0.0,0.0,73.4,358,0.0,154,,,,,,,,
12/12/2013 05:24:30,254.478969,0.0,0.0,73.4,339,0.0,154,,,,,,,,
12/12/2013 05:25:00,254.478969,0.0,0.0,73.2,348,0.0,154,,,,,,,,
12/12/2013 05:25:30,254.478969,0.0,0.0,72.7,379,0.0,154,,,,,,,,
12/12/2013 05:26:00,254.478969,0.0,0.0,72.8,337,0.0,154,,,,,,,,
12/12/2013 05:26:30,254.478969,0.0,0.0,72.9,327,0.0,154,,,,,,,,
12/12/2013 05:27:00,254.478969,0.0,0.0,72.4,350,0.0,154,,,,,,,,
12/12/2013 05:27:30,254.478969,0.0,0.0,72.7,333,0.0,154,,,,,,,,
12/12/2013 05:28:00,254.478969,0.0,0.0,72.7,355,0.0,154,,,,,,,,
12/12/2013 05:28:30,254.478969,0.0,0.0,72.7,365,0.0,154,,,,,,,,
12/12/2013 05:29:00,254.478969,0.0,0.0,72.3,355,0.0,154,,,,,,,,
12/12/2013 05:29:30,254.478969,0.0,0.0,72.4,337,0.0,154,,,,,,,,
12/12/2013 05:30:00,254.478969,0.0,0.0,72.5,380,0.0,154,,,,,,,,
12/12/2013 05:30:30,254.478969,0.0,0.0,72.3,364,0.0,154,,,,,,,,
12/12/2013 05:31:00,254.478969,0.0,0.0,72.1,338,0.0,154,,,,,,,,
12/12/2013 05:31:30,254.478969,0.0,0.0,72.1,317,0.0,154,,,,,,,,
12/12/2013 05:32:00,254.478969,0.0,0.0,72.0,350,0.0,154,,,,,,,,
12/12/2013 05:32:30,254.478969,0.0,0.0,71.8,362,0.0,154,,,,,,,,
12/12/2013 05:33:00,254.478969,0.0,0.0,71.5,323,0.0,154,,,,,,,,
12/12/2013 05:33:30,254.478969,0.0,0.0,71.6,341,0.0,154,,,,,,,,
12/12/2013 05:34:00,254.478969,0.0,0.0,71.4,352,0.0,154,,,,,,,,
12/12/2013 05:34:30,254.478969,0.0,0.0,71.4,309,0.0,154,,,,,,,,
12/12/2013 05:35:00,254.478969,0.0,0.0,70.9,317,0.0,154,,,,,,,,
12/12/2013 05:35:30,254.478969,0.0,0.0,70.9,287,0.0,154,,,,,,,,
12/12/2013 05:36:00,254.478969,0.0,0.0,70.6,316,0.0,154,,,,,,,,
12/12/2013 05:36:30,254.478969,0.0,0.0,70.5,302,0.0,154,,,,,,,,
12/12/2013 05:37:00,254.478969,0.0,0.0,70.7,338,0.0,154,,,,,,,,
12/12/2013 05:37:30,254.478969,0.0,0.0,70.3,316,0.0,154,,,,,,,,
12/12/2013 05:38:00,254.478969,0.0,0.0,70.5,327,0.0,154,,,,,,,,
12/12/2013 05:38:30,254.478969,0.0,0.0,70.6,315,0.0,154,,,,,,,,
12/12/2013 05:39:00,254.478969,0.0,0.0,70.6,339,0.0,154,,,,,,,,
12/12/2013 05:39:30,254.478969,0.0,0.0,70.4,333,0.0,154,,,,,,,,
12/12/2013 05:40:00,254.478969,0.0,0.0,70.4,318,0.0,154,,,,,,,,
12/12/2013 05:40:30,254.478969,0.0,0.0,70.5,368,0.0,154,,,,,,,,
12/12/2013 05:41:00,254.478969,0.0,0.0,70.7,336,0.0,154,,,,,,,,
12/12/2013 05:41:30,254.478969,0.0,0.0,70.7,345,0.0,154,,,,,,,,
12/12/2013 05:42:00,254.478969,0.0,0.0,70.5,339,0.0,154,,,,,,,,
12/12/2013 05:42:30,254.478969,0.0,0.0,70.7,321,0.0,154,,,,,,,,
12/12/2013 05:43:00,254.478969,0.0,0.0,70.7,312,0.0,154,,,,,,,,
12/12/2013 05:43:30,254.478969,0.0,0.0,71.1,326,0.0,154,,,,,,,,
12/12/2013 05:44:00,254.478969,0.0,0.0,71.3,326,0.0,154,,,,,,,,
12/12/2013 05:44:30,254.478969,0.0,0.0,71.0,333,0.0,154,,,,,,,,
12/12/2013 05:45:00,254.478969,0.0,0.0,71.6,342,0.0,154,,,,,,,,
12/12/2013 05:45:30,254.478969,0.0,0.0,71.6,373,0.0,154,,,,,,,,
12/12/2013 05:46:00,254.478969,0.0,0.0,71.7,337,0.0,154,,,,,,,,
12/12/2013 05:46:30,254.478969,0.0,0.0,71.7,321,0.0,154,,,,,,,,
12/12/2013 05:47:00,254.478969,0.0,0.0,71.8,365,0.0,154,,,,,,,,
12/12/2013 05:47:30,254.478969,0.0,0.0,72.2,382,0.0,154,,,,,,,,
12/12/2013 05:48:00,254.478969,0.0,0.0,72.2,374,0.0,154,,,,,,,,
12/12/2013 05:48:30,254.478969,0.0,0.0,72.4,381,0.0,154,,,,,,,,
12/12/2013 05:49:00,254.478969,0.0,0.0,72.8,349,0.0,154,,,,,,,,
12/12/2013 05:49:30,254.478969,0.0,0.0,73.1,348,0.0,154,,,,,,,,
12/12/2013 05:50:00,254.478969,0.0,0.0,73.3,354,0.0,154,,,,,,,,
12/12/2013 05:50:30,254.478969,0.0,0.0,73.3,356,0.0,154,,,,,,,,
12/12/2013 05:51:00,254.478969,0.0,0.0,73.7,363,0.0,154,,,,,,,,
12/12/2013 05:51:30,254.478969,0.0,0.0,73.5,366,0.0,154,,,,,,,,
12/12/2013 05:52:00,254.478969,0.0,0.0,73.5,433,0.0,154,,,,,,,,
12/12/2013 05:52:30,254.478969,0.0,0.0,73.7,377,0.0,154,,,,,,,,
12/12/2013 05:53:00,254.478969,0.0,0.0,74.0,345,0.0,154,,,,,,,,
12/12/2013 05:53:30,254.478969,0.0,0.0,74.4,411,0.0,154,,,,,,,,
12/12/2013 05:54:00,254.478969,0.0,0.0,74.6,323,0.0,154,,,,,,,,
12/12/2013 05:54:30,254.478969,0.0,0.0,74.8,298,0.0,154,,,,,,,,
12/12/2013 05:55:00,254.478969,0.0,0.0,74.8,349,0.0,154,,,,,,,,
12/12/2013 05:55:30,254.478969,0.0,0.0,75.5,324,0.0,154,,,,,,,,
12/12/2013 05:56:00,254.478969,0.0,0.0,75.5,305,0.0,154,,,,,,,,
12/12/2013 05:56:30,254.478969,0.0,0.0,75.5,339,0.0,154,,,,,,,,
12/12/2013 05:57:00,254.478969,0.0,0.0,76.0,395,0.0,154,,,,,,,,
12/12/2013 05:57:30,254.478969,0.0,0.0,75.9,342,0.0,154,,,,,,,,
12/12/2013 05:58:00,254.478969,0.0,0.0,76.3,390,0.0,154,,,,,,,,
12/12/2013 05:58:30,254.478969,0.0,0.0,76.2,422,0.0,154,,,,,,,,
12/12/2013 05:59:00,254.478969,0.0,0.0,77.0,356,0.0,154,,,,,,,,
12/12/2013 05:59:30,254.478969,0.0,0.0,77.9,321,0.0,154,,,,,,,,
12/12/2013 06:00:00,254.478969,0.0,0.0,79.1,352,0.0,154,,,,,,,,
12/12/2013 06:00:30,254.478969,0.0,0.0,78.7,319,0.0,154,,,,,,,,
12/12/2013 06:01:00,254.478969,0.0,0.0,80.0,324,0.0,154,,,,,,,,
12/12/2013 06:01:30,254.478969,0.0,0.0,79.7,341,0.0,154,,,,,,,,
12/12/2013 06:02:00,254.478969,0.0,0.0,81.5,367,0.0,154,,,,,,,,
12/12/2013 06:02:30,254.478969,0.0,0.0,82.3,399,0.0,154,,,,,,,,
12/12/2013 06:03:00,254.478969,0.0,0.0,82.9,369,0.0,154,,,,,,,,
12/12/2013 06:03:30,254.478969,0.0,0.0,84.2,361,0.0,154,,,,,,,,
12/12/2013 06:04:00,254.478969,0.0,0.0,85.1,353,0.0,154,,,,,,,,
12/12/2013 06:04:30,254.478969,0.0,0.0,85.6,342,0.0,154,,,,,,,,
12/12/2013 06:05:00,254.478969,0.0,0.0,86.5,333,0.0,154,,,,,,,,
12/12/2013 06:05:30,254.478969,0.0,0.0,87.5,344,0.0,154,,,,,,,,
12/12/2013 06:06:00,254.478969,0.0,0.0,88.1,325,0.0,154,,,,,,,,
12/12/2013 06:06:30,254.478969,0.0,0.0,88.3,332,0.0,154,,,,,,,,
12/12/2013 06:07:00,254.478969,0.0,0.0,88.6,358,0.0,154,,,,,,,,
12/12/2013 06:07:30,254.478969,0.0,0.0,88.7,314,0.0,154,,,,,,,,
12/12/2013 06:08:00,254.478969,0.0,0.0,89.1,281,0.0,154,,,,,,,,
12/12/2013 06:08:30,254.478969,0.0,0.0,89.4,358,0.0,154,,,,,,,,
12/12/2013 06:09:00,254.478969,0.0,0.0,89.9,315,0.0,154,,,,,,,,
12/12/2013 06:09:30,254.478969,0.0,0.0,90.3,310,0.0,154,,,,,,,,
12/12/2013 06:10:00,254.478969,0.0,0.0,91.1,313,0.0,154,,,,,,,,
12/12/2013 06:10:30,254.478969,0.0,0.0,90.9,308,0.0,154,,,,,,,,
12/12/2013 06:11:00,254.478969,0.0,0.0,91.5,312,0.0,154,,,,,,,,
12/12/2013 06:11:30,254.478969,0.0,0.0,91.4,307,0.0,154,,,,,,,,
12/12/2013 06:12:00,254.478969,0.0,0.0,91.6,303,0.0,154,,,,,,,,
12/12/2013 06:12:30,254.478969,0.0,0.0,91.7,331,0.0,154,,,,,,,,
12/12/2013 06:13:00,254.478969,0.0,0.0,91.5,321,0.0,154,,,,,,,,
12/12/2013 06:13:30,254.478969,0.0,0.0,91.6,391,0.0,154,,,,,,,,
12/12/2013 06:14:00,254.478969,0.0,0.0,91.2,477,0.0,154,,,,,,,,
12/12/2013 06:14:30,254.478969,0.0,0.0,91.4,359,0.0,154,,,,,,,,
12/12/2013 06:15:00,254.478969,0.0,0.0,92.1,334,0.0,154,,,,,,,,
12/12/2013 06:15:30,254.478969,0.0,0.0,92.6,327,0.0,154,,,,,,,,
12/12/2013 06:16:00,254.478969,0.0,0.0,92.9,318,0.0,154,,,,,,,,
12/12/2013 06:16:30,254.478969,0.0,0.0,93.2,364,0.0,154,,,,,,,,
12/12/2013 06:17:00,254.478969,0.0,0.0,93.8,340,0.0,154,,,,,,,,
12/12/2013 06:17:30,254.478969,0.0,0.0,94.0,354,0.0,154,,,,,,,,
12/12/2013 06:18:00,254.478969,0.0,0.0,93.8,354,0.0,154,,,,,,,,
12/12/2013 06:18:30,254.478969,0.0,0.0,93.5,331,0.0,154,,,,,,,,
12/12/2013 06:19:00,254.478969,0.0,0.0,93.3,295,0.0,154,,,,,,,,
12/12/2013 06:19:30,254.478969,0.0,0.0,92.8,283,0.0,154,,,,,,,,
12/12/2013 06:20:00,254.478969,0.0,0.0,93.3,346,0.0,154,,,,,,,,
12/12/2013 06:20:30,254.478969,0.0,0.0,93.2,341,0.0,154,,,,,,,,
12/12/2013 06:21:00,254.478969,0.0,0.0,92.7,323,0.0,154,,,,,,,,
12/12/2013 06:21:30,254.478969,0.0,0.0,92.6,310,0.0,154,,,,,,,,
12/12/2013 06:22:00,254.478969,0.0,0.0,92.9,348,0.0,154,,,,,,,,
12/12/2013 06:22:30,254.478969,0.0,0.0,92.7,311,0.0,154,,,,,,,,
12/12/2013 06:23:00,254.478969,0.0,0.0,92.8,311,0.0,154,,,,,,,,
12/12/2013 06:23:30,254.478969,0.0,0.0,93.1,284,0.0,154,,,,,,,,
12/12/2013 06:24:00,254.478969,0.0,0.0,93.3,309,0.0,154,,,,,,,,
12/12/2013 06:24:30,254.478969,0.0,0.0,93.4,301,0.0,154,,,,,,,,
12/12/2013 06:25:00,254.478969,0.0,0.0,93.3,332,0.0,154,,,,,,,,
12/12/2013 06:25:30,254.478969,0.0,0.0,93.7,343,0.0,154,,,,,,,,
12/12/2013 06:26:00,254.478969,0.0,0.0,93.7,332,0.0,154,,,,,,,,
12/12/2013 06:26:30,254.478969,0.0,0.0,93.6,274,0.0,154,,,,,,,,
12/12/2013 06:27:00,254.478969,0.0,0.0,93.5,338,0.0,154,,,,,,,,
12/12/2013 06:27:30,254.478969,0.0,0.0,93.3,337,0.0,154,,,,,,,,
12/12/2013 06:28:00,254.478969,0.0,0.0,93.6,366,0.0,154,,,,,,,,
12/12/2013 06:28:30,254.478969,0.0,0.0,93.8,330,0.0,154,,,,,,,,
12/12/2013 06:29:00,254.478969,0.0,0.0,93.5,298,0.0,154,,,,,,,,
12/12/2013 06:29:30,254.478969,0.0,0.0,92.6,344,0.0,154,,,,,,,,
12/12/2013 06:30:00,254.478969,0.0,0.0,92.4,338,0.0,154,,,,,,,,
12/12/2013 06:30:30,254.478969,0.0,0.0,92.5,365,0.0,154,,,,,,,,
12/12/2013 06:31:00,254.478969,0.0,0.0,92.0,375,0.0,154,,,,,,,,
12/12/2013 06:31:30,254.478969,0.0,0.0,92.4,378,0.0,154,,,,,,,,
12/12/2013 06:32:00,254.478969,0.0,0.0,92.3,337,0.0,154,,,,,,,,
12/12/2013 06:32:30,254.478969,0.0,0.0,92.5,382,0.0,154,,,,,,,,
12/12/2013 06:33:00,254.478969,0.0,0.0,91.8,333,0.0,154,,,,,,,,
12/12/2013 06:33:30,254.478969,0.0,0.0,91.9,304,0.0,154,,,,,,,,
12/12/2013 06:34:00,254.478969,0.0,0.0,92.1,361,0.0,154,,,,,,,,
12/12/2013 06:34:30,254.478969,0.0,0.0,91.6,385,0.0,154,,,,,,,,
12/12/2013 06:35:00,254.478969,0.0,0.0,91.3,326,0.0,154,,,,,,,,
12/12/2013 06:35:30,254.478969,0.0,0.0,91.0,347,0.0,154,,,,,,,,
12/12/2013 06:36:00,254.478969,0.0,0.0,90.8,330,0.0,154,,,,,,,,
12/12/2013 06:36:30,254.478969,0.0,0.0,90.2,382,0.0,154,,,,,,,,
12/12/2013 06:37:00,254.478969,0.0,0.0,90.3,436,0.0,154,,,,,,,,
12/12/2013 06:37:30,254.478969,0.0,0.0,90.7,381,0.0,154,,,,,,,,
12/12/2013 06:38:00,254.478969,0.0,0.0,90.8,351,0.0,154,,,,,,,,
12/12/2013 06:38:30,254.478969,0.0,0.0,90.6,326,0.0,154,,,,,,,,
12/12/2013 06:39:00,254.478969,0.0,0.0,90.2,326,0.0,154,,,,,,,,
12/12/2013 06:39:30,254.478969,0.0,0.0,90.1,381,0.0,154,,,,,,,,
12/12/2013 06:40:00,254.478969,0.0,0.0,89.9,372,0.0,154,,,,,,,,
12/12/2013 06:40:30,254.478969,0.0,0.0,89.8,408,0.0,154,,,,,,,,
12/12/2013 06:41:00,254.478969,0.0,0.0,89.4,330,0.0,154,,,,,,,,
12/12/2013 06:41:30,254.478969,0.0,0.0,88.8,320,0.0,154,,,,,,,,
12/12/2013 06:42:00,254.478969,0.0,0.0,88.4,323,0.0,154,,,,,,,,
12/12/2013 06:42:30,254.478969,0.0,0.0,87.9,371,0.0,154,,,,,,,,
12/12/2013 06:43:00,254.478969,0.0,0.0,87.6,394,0.0,154,,,,,,,,
12/12/2013 06:43:30,254.478969,0.0,0.0,87.8,478,0.0,154,,,,,,,,
12/12/2013 06:44:00,254.478969,0.0,0.0,87.6,385,0.0,154,,,,,,,,
12/12/2013 06:44:30,254.478969,0.0,0.0,87.6,386,0.0,154,,,,,,,,
12/12/2013 06:45:00,254.478969,0.0,0.0,87.2,331,0.0,154,,,,,,,,
12/12/2013 06:45:30,254.478969,0.0,0.0,86.8,373,0.0,154,,,,,,,,
12/12/2013 06:46:00,254.478969,0.0,0.0,86.1,411,0.0,154,,,,,,,,
12/12/2013 06:46:30,254.478969,0.0,0.0,85.7,363,0.0,154,,,,,,,,
12/12/2013 06:47:00,254.478969,0.0,0.0,85.7,383,0.0,154,,,,,,,,
12/12/2013 06:47:30,254.478969,0.0,0.0,85.9,447,0.0,154,,,,,,,,
12/12/2013 06:48:00,254.478969,0.0,0.0,86.5,422,0.0,154,,,,,,,,
12/12/2013 06:48:30,254.478969,0.0,0.0,86.6,375,0.0,154,,,,,,,,
12/12/2013 06:49:00,254.478969,0.0,0.0,86.0,319,0.0,154,,,,,,,,
12/12/2013 06:49:30,254.478969,0.0,0.0,85.8,337,0.0,154,,,,,,,,
12/12/2013 06:50:00,254.478969,0.0,0.0,85.0,350,0.0,154,,,,,,,,
12/12/2013 06:50:30,254.478969,0.0,0.0,84.4,348,0.0,154,,,,,,,,
12/12/2013 06:51:00,254.478969,0.0,0.0,83.7,342,0.0,154,,,,,,,,
12/12/2013 06:51:30,254.478969,0.0,0.0,82.5,330,0.0,154,,,,,,,,
12/12/2013 06:52:00,254.478969,0.0,0.0,82.5,350,0.0,154,,,,,,,,
12/12/2013 06:52:30,254.478969,0.0,0.0,82.8,447,0.0,154,,,,,,,,
12/12/2013 06:53:00,254.478969,0.0,0.0,83.5,414,0.0,154,,,,,,,,
12/12/2013 06:53:30,254.478969,0.0,0.0,83.7,483,0.0,154,,,,,,,,
12/12/2013 06:54:00,254.478969,0.0,0.0,83.7,399,0.0,154,,,,,,,,
12/12/2013 06:54:30,254.478969,0.0,0.0,84.2,396,0.0,154,,,,,,,,
12/12/2013 06:55:00,254.478969,0.0,0.0,83.9,362,0.0,154,,,,,,,,
12/12/2013 06:55:30,254.478969,0.0,0.0,84.0,336,0.0,154,,,,,,,,
12/12/2013 06:56:00,254.478969,0.0,0.0,83.6,394,0.0,154,,,,,,,,
12/12/2013 06:56:30,254.478969,0.0,0.0,83.1,365,0.0,154,,,,,,,,
12/12/2013 06:57:00,254.478969,0.0,0.0,83.1,385,0.0,154,,,,,,,,
12/12/2013 06:57:30,254.478969,0.0,0.0,83.3,460,0.0,154,,,,,,,,
12/12/2013 06:58:00,254.478969,0.0,0.0,83.5,461,0.0,154,,,,,,,,
12/12/2013 06:58:30,254.478969,0.0,0.0,83.9,405,0.0,154,,,,,,,,
12/12/2013 06:59:00,254.478969,0.0,0.0,84.3,403,0.0,154,,,,,,,,
12/12/2013 06:59:30,254.478969,0.0,0.0,84.0,350,0.0,154,,,,,,,,
12/12/2013 07:00:00,254.478969,0.0,0.0,83.6,398,0.0,154,,,,,,,,
12/12/2013 07:00:30,254.478969,0.0,0.0,83.4,380,0.0,154,,,,,,,,
12/12/2013 07:01:00,254.478969,0.0,0.0,83.0,367,0.0,154,,,,,,,,
12/12/2013 07:01:30,254.478969,0.0,0.0,82.7,356,0.0,154,,,,,,,,
12/12/2013 07:02:00,254.478969,0.0,0.0,82.6,419,0.0,154,,,,,,,,
12/12/2013 07:02:30,254.478969,0.0,0.0,83.0,504,0.0,154,,,,,,,,
12/12/2013 07:03:00,254.478969,0.0,0.0,83.6,404,0.0,154,,,,,,,,
12/12/2013 07:03:30,254.478969,0.0,0.0,83.9,372,0.0,154,,,,,,,,
12/12/2013 07:04:00,254.478969,0.0,0.0,83.6,406,0.0,154,,,,,,,,
12/12/2013 07:04:30,254.478969,0.0,0.0,83.9,361,0.0,154,,,,,,,,
12/12/2013 07:05:00,254.478969,0.0,0.0,83.4,340,0.0,154,,,,,,,,
12/12/2013 07:05:30,254.478969,0.0,0.0,83.7,481,0.0,154,,,,,,,,
12/12/2013 07:06:00,254.478969,0.0,0.0,84.1,401,0.0,154,,,,,,,,
12/12/2013 07:06:30,254.478969,0.0,0.0,84.3,392,0.0,154,,,,,,,,
12/12/2013 07:07:00,254.478969,0.0,0.0,84.1,374,0.0,154,,,,,,,,
12/12/2013 07:07:30,254.478969,0.0,0.0,84.1,329,0.0,154,,,,,,,,
12/12/2013 07:08:00,254.478969,0.0,0.0,83.6,346,0.0,154,,,,,,,,
12/12/2013 07:08:30,254.478969,0.0,0.0,83.1,353,0.0,154,,,,,,,,
12/12/2013 07:09:00,254.478969,0.0,0.0,83.2,327,0.0,154,,,,,,,,
12/12/2013 07:09:30,254.478969,0.0,0.0,83.2,462,0.0,154,,,,,,,,
12/12/2013 07:10:00,254.478969,0.0,0.0,83.6,356,0.0,154,,,,,,,,
12/12/2013 07:10:30,254.478969,0.0,0.0,83.8,378,0.0,154,,,,,,,,
12/12/2013 07:11:00,254.478969,0.0,0.0,83.2,344,0.0,154,,,,,,,,
12/12/2013 07:11:30,254.478969,0.0,0.0,82.9,346,0.0,154,,,,,,,,
12/12/2013 07:12:00,254.478969,0.0,0.0,83.4,444,0.0,154,,,,,,,,
12/12/2013 07:12:30,254.478969,0.0,0.0,83.4,439,0.0,154,,,,,,,,
12/12/2013 07:13:00,254.478969,0.0,0.0,84.1,398,0.0,154,,,,,,,,
12/12/2013 07:13:30,254.478969,0.0,0.0,84.2,330,0.0,154,,,,,,,,
12/12/2013 07:14:00,254.478969,0.0,0.0,84.0,324,0.0,154,,,,,,,,
12/12/2013 07:14:30,254.478969,0.0,0.0,83.8,388,0.0,154,,,,,,,,
12/12/2013 07:15:00,254.478969,0.0,0.0,83.3,336,0.0,154,,,,,,,,
12/12/2013 07:15:30,254.478969,0.0,0.0,83.0,350,0.0,154,,,,,,,,
12/12/2013 07:16:00,254.478969,0.0,0.0,82.4,368,0.0,154,,,,,,,,
12/12/2013 07:16:30,254.478969,0.0,0.0,82.6,417,0.0,154,,,,,,,,
12/12/2013 07:17:00,254.478969,0.0,0.0,83.2,419,0.0,154,,,,,,,,
12/12/2013 07:17:30,254.478969,0.0,0.0,83.4,341,0.0,154,,,,,,,,
12/12/2013 07:18:00,254.478969,0.0,0.0,83.4,366,0.0,154,,,,,,,,
12/12/2013 07:18:30,254.478969,0.0,0.0,83.6,346,0.0,154,,,,,,,,
12/12/2013 07:19:00,254.478969,0.0,0.0,83.6,401,0.0,154,,,,,,,,
12/12/2013 07:19:30,254.478969,0.0,0.0,83.6,385,0.0,154,,,,,,,,
12/12/2013 07:20:00,254.478969,0.0,0.0,83.4,363,0.0,154,,,,,,,,
12/12/2013 07:20:30,254.478969,0.0,0.0,83.5,379,0.0,154,,,,,,,,
12/12/2013 07:21:00,254.478969,0.0,0.0,83.6,373,0.0,154,,,,,,,,
12/12/2013 07:21:30,254.478969,0.0,0.0,83.3,440,0.0,154,,,,,,,,
12/12/2013 07:22:00,254.478969,0.0,0.0,83.0,337,0.0,154,,,,,,,,
12/12/2013 07:22:30,254.478969,0.0,0.0,83.1,396,0.0,154,,,,,,,,
12/12/2013 07:23:00,254.478969,0.0,0.0,83.1,407,0.0,154,,,,,,,,
12/12/2013 07:23:30,254.478969,0.0,0.0,82.9,393,0.0,154,,,,,,,,
12/12/2013 07:24:00,254.478969,0.0,0.0,82.9,341,0.0,154,,,,,,,,
12/12/2013 07:24:30,254.478969,0.0,0.0,83.0,429,0.0,154,,,,,,,,
12/12/2013 07:25:00,254.478969,0.0,0.0,83.7,430,0.0,154,,,,,,,,
12/12/2013 07:25:30,254.478969,0.0,0.0,84.1,389,0.0,154,,,,,,,,
12/12/2013 07:26:00,254.478969,0.0,0.0,83.9,433,0.0,154,,,,,,,,
12/12/2013 07:26:30,254.478969,0.0,0.0,84.3,394,0.0,154,,,,,,,,
12/12/2013 07:27:00,254.478969,0.0,0.0,84.1,338,0.0,154,,,,,,,,
12/12/2013 07:27:30,254.478969,0.0,0.0,83.9,344,0.0,154,,,,,,,,
12/12/2013 07:28:00,254.478969,0.0,0.0,84.0,413,0.0,154,,,,,,,,
12/12/2013 07:28:30,254.478969,0.0,0.0,84.3,411,0.0,154,,,,,,,,
12/12/2013 07:29:00,254.478969,0.0,0.0,84.4,393,0.0,154,,,,,,,,
12/12/2013 07:29:30,254.478969,0.0,0.0,84.4,377,0.0,154,,,,,,,,
12/12/2013 07:30:00,254.478969,0.0,0.0,83.7,371,0.0,154,,,,,,,,
12/12/2013 07:30:30,254.478969,0.0,0.0,83.3,373,0.0,154,,,,,,,,
12/12/2013 07:31:00,254.478969,0.0,0.0,83.7,431,0.0,154,,,,,,,,
12/12/2013 07:31:30,254.478969,0.0,0.0,84.1,453,0.0,154,,,,,,,,
12/12/2013 07:32:00,254.478969,0.0,0.0,84.8,462,0.0,154,,,,,,,,
12/12/2013 07:32:30,254.478969,0.0,0.0,84.9,408,0.0,154,,,,,,,,
12/12/2013 07:33:00,254.478969,0.0,0.0,84.9,392,0.0,154,,,,,,,,
12/12/2013 07:33:30,254.478969,0.0,0.0,84.7,363,0.0,154,,,,,,,,
12/12/2013 07:34:00,254.478969,0.0,0.0,84.4,367,0.0,154,,,,,,,,
12/12/2013 07:34:30,254.478969,0.0,0.0,84.0,352,0.0,154,,,,,,,,
12/12/2013 07:35:00,254.478969,0.0,0.0,84.3,388,0.0,154,,,,,,,,
12/12/2013 07:35:30,254.478969,0.0,0.0,84.9,356,0.0,154,,,,,,,,
12/12/2013 07:36:00,254.478969,0.0,0.0,85.2,359,0.0,154,,,,,,,,
12/12/2013 07:36:30,254.478969,0.0,0.0,85.3,395,0.0,154,,,,,,,,
12/12/2013 07:37:00,254.478969,0.0,0.0,85.1,405,0.0,154,,,,,,,,
12/12/2013 07:37:30,254.478969,0.0,0.0,85.4,360,0.0,154,,,,,,,,
12/12/2013 07:38:00,254.478969,0.0,0.0,86.2,410,0.0,154,,,,,,,,
12/12/2013 07:38:30,254.478969,0.0,0.0,86.5,402,0.0,154,,,,,,,,
12/12/2013 07:39:00,254.478969,0.0,0.0,86.8,348,0.0,154,,,,,,,,
12/12/2013 07:39:30,254.478969,0.0,0.0,86.6,423,0.0,154,,,,,,,,
12/12/2013 07:40:00,254.478969,0.0,0.0,86.9,433,0.0,154,,,,,,,,
12/12/2013 07:40:30,254.478969,0.0,0.0,87.0,349,0.0,154,,,,,,,,
12/12/2013 07:41:00,254.478969,0.0,0.0,87.1,356,0.0,154,,,,,,,,
12/12/2013 07:41:30,254.478969,0.0,0.0,87.2,354,0.0,154,,,,,,,,
12/12/2013 07:42:00,254.478969,0.0,0.0,87.0,394,0.0,154,,,,,,,,
12/12/2013 07:42:30,254.478969,0.0,0.0,87.3,429,0.0,154,,,,,,,,
12/12/2013 07:43:00,254.478969,0.0,0.0,87.7,454,0.0,154,,,,,,,,
12/12/2013 07:43:30,254.478969,0.0,0.0,88.3,418,0.0,154,,,,,,,,
12/12/2013 07:44:00,254.478969,0.0,0.0,88.5,331,0.0,154,,,,,,,,
12/12/2013 07:44:30,254.478969,0.0,0.0,88.1,360,0.0,154,,,,,,,,
12/12/2013 07:45:00,254.478969,0.0,0.0,88.2,339,0.0,154,,,,,,,,
12/12/2013 07:45:30,254.478969,0.0,0.0,87.7,406,0.0,154,,,,,,,,
12/12/2013 07:46:00,254.478969,0.0,0.0,87.9,382,0.0,154,,,,,,,,
12/12/2013 07:46:30,254.478969,0.0,0.0,87.7,339,0.0,154,,,,,,,,
12/12/2013 07:47:00,254.478969,0.0,0.0,87.4,330,0.0,154,,,,,,,,
12/12/2013 07:47:30,254.478969,0.0,0.0,87.0,341,0.0,154,,,,,,,,
12/12/2013 07:48:00,254.478969,0.0,0.0,87.2,386,0.0,154,,,,,,,,
12/12/2013 07:48:30,254.478969,0.0,0.0,86.7,384,0.0,154,,,,,,,,
12/12/2013 07:49:00,254.478969,0.0,0.0,86.4,360,0.0,154,,,,,,,,
12/12/2013 07:49:30,254.478969,0.0,0.0,86.6,319,0.0,154,,,,,,,,
12/12/2013 07:50:00,254.478969,0.0,0.0,86.1,382,0.0,154,,,,,,,,
12/12/2013 07:50:30,254.478969,0.0,0.0,85.6,377,0.0,154,,,,,,,,
12/12/2013 07:51:00,254.478969,0.0,0.0,85.2,349,0.0,154,,,,,,,,
12/12/2013 07:51:30,254.478969,0.0,0.0,85.6,356,0.0,154,,,,,,,,
12/12/2013 07:52:00,254.478969,0.0,0.0,85.7,383,0.0,154,,,,,,,,
12/12/2013 07:52:30,254.478969,0.0,0.0,85.6,346,0.0,154,,,,,,,,
12/12/2013 07:53:00,254.478969,0.0,0.0,85.6,335,0.0,154,,,,,,,,
12/12/2013 07:53:30,254.478969,0.0,0.0,85.7,332,0.0,154,,,,,,,,
12/12/2013 07:54:00,254.478969,0.0,0.0,85.5,338,0.0,154,,,,,,,,
12/12/2013 07:54:30,254.478969,0.0,0.0,85.2,322,0.0,154,,,,,,,,
12/12/2013 07:55:00,254.478969,0.0,0.0,84.8,353,0.0,154,,,,,,,,
12/12/2013 07:55:30,254.478969,0.0,0.0,84.7,322,0.0,154,,,,,,,,
12/12/2013 07:56:00,254.478969,0.0,0.0,84.3,337,0.0,154,,,,,,,,
12/12/2013 07:56:30,254.478969,0.0,0.0,83.9,348,0.0,154,,,,,,,,
12/12/2013 07:57:00,254.478969,0.0,0.0,83.5,318,0.0,154,,,,,,,,
12/12/2013 07:57:30,254.478969,0.0,0.0,82.9,350,0.0,154,,,,,,,,
12/12/2013 07:58:00,254.478969,0.0,0.0,82.6,337,0.0,154,,,,,,,,
12/12/2013 07:58:30,254.478969,0.0,0.0,82.0,344,0.0,154,,,,,,,,
12/12/2013 07:59:00,254.478969,0.0,0.0,81.7,311,0.0,154,,,,,,,,
12/12/2013 07:59:30,254.478969,0.0,0.0,80.9,326,0.0,154,,,,,,,,
12/12/2013 08:00:00,254.478969,0.0,0.0,80.3,379,0.0,154,,,,,,,,
12/12/2013 08:00:30,254.478969,0.0,0.0,79.9,423,0.0,154,,,,,,,,
12/12/2013 08:01:00,254.478969,0.0,0.0,80.6,389,0.0,154,,,,,,,,
12/12/2013 08:01:30,254.478969,0.0,0.0,81.1,384,0.0,154,,,,,,,,
12/12/2013 08:02:00,254.478969,0.0,0.0,80.8,430,0.0,154,,,,,,,,
12/12/2013 08:02:30,254.478969,0.0,0.0,80.3,379,0.0,154,,,,,,,,
12/12/2013 08:03:00,254.478969,0.0,0.0,80.0,353,0.0,154,,,,,,,,
12/12/2013 08:03:30,254.478969,0.0,0.0,79.4,383,0.0,154,,,,,,,,
12/12/2013 08:04:00,254.478969,0.0,0.0,78.9,383,0.0,154,,,,,,,,
12/12/2013 08:04:30,254.478969,0.0,0.0,78.9,371,0.0,154,,,,,,,,
12/12/2013 08:05:00,254.478969,0.0,0.0,78.7,371,0.0,154,,,,,,,,
12/12/2013 08:05:30,254.478969,0.0,0.0,78.6,329,0.0,154,,,,,,,,
12/12/2013 08:06:00,254.478969,0.0,0.0,78.3,346,0.0,154,,,,,,,,
12/12/2013 08:06:30,254.478969,0.0,0.0,78.2,351,0.0,154,,,,,,,,
12/12/2013 08:07:00,254.478969,0.0,0.0,77.5,374,0.0,154,,,,,,,,
12/12/2013 08:07:30,254.478969,0.0,0.0,76.9,359,0.0,154,,,,,,,,
12/12/2013 08:08:00,254.478969,0.0,0.0,76.6,345,0.0,154,,,,,,,,
12/12/2013 08:08:30,254.478969,0.0,0.0,76.3,334,0.0,154,,,,,,,,
12/12/2013 08:09:00,254.478969,0.0,0.0,75.9,324,0.0,154,,,,,,,,
12/12/2013 08:09:30,254.478969,0.0,0.0,75.6,320,0.0,154,,,,,,,,
12/12/2013 08:10:00,254.478969,0.0,0.0,74.7,360,0.0,154,,,,,,,,
12/12/2013 08:10:30,254.478969,0.0,0.0,74.4,320,0.0,154,,,,,,,,
12/12/2013 08:11:00,254.478969,0.0,0.0,73.7,351,0.0,154,,,,,,,,
12/12/2013 08:11:30,254.478969,0.0,0.0,73.8,390,0.0,154,,,,,,,,
12/12/2013 08:12:00,254.478969,0.0,0.0,73.3,443,0.0,154,,,,,,,,
12/12/2013 08:12:30,254.478969,0.0,0.0,73.4,410,0.0,154,,,,,,,,
12/12/2013 08:13:00,254.478969,0.0,0.0,73.5,333,0.0,154,,,,,,,,
12/12/2013 08:13:30,254.478969,0.0,0.0,73.3,324,0.0,154,,,,,,,,
12/12/2013 08:14:00,254.478969,0.0,0.0,72.7,335,0.0,154,,,,,,,,
12/12/2013 08:14:30,254.478969,0.0,0.0,72.8,389,0.0,154,,,,,,,,
12/12/2013 08:15:00,254.478969,0.0,0.0,72.3,329,0.0,154,,,,,,,,
12/12/2013 08:15:30,254.478969,0.0,0.0,72.6,367,0.0,154,,,,,,,,
12/12/2013 08:16:00,254.478969,0.0,0.0,72.1,385,0.0,154,,,,,,,,
12/12/2013 08:16:30,254.478969,0.0,0.0,71.7,330,0.0,154,,,,,,,,
12/12/2013 08:17:00,254.478969,0.0,0.0,71.4,345,0.0,154,,,,,,,,
12/12/2013 08:17:30,254.478969,0.0,0.0,70.9,389,0.0,154,,,,,,,,
12/12/2013 08:18:00,254.478969,0.0,0.0,70.7,384,0.0,154,,,,,,,,
12/12/2013 08:18:30,254.478969,0.0,0.0,70.5,362,0.0,154,,,,,,,,
12/12/2013 08:19:00,254.478969,0.0,0.0,69.9,318,0.0,154,,,,,,,,
12/12/2013 08:19:30,254.478969,0.0,0.0,69.8,325,0.0,154,,,,,,,,
12/12/2013 08:20:00,254.478969,0.0,0.0,69.3,365,0.0,154,,,,,,,,
12/12/2013 08:20:30,254.478969,0.0,0.0,69.3,314,0.0,154,,,,,,,,
12/12/2013 08:21:00,254.478969,0.0,0.0,68.6,354,0.0,154,,,,,,,,
12/12/2013 08:21:30,254.478969,0.0,0.0,68.5,360,0.0,154,,,,,,,,
12/12/2013 08:22:00,254.478969,0.0,0.0,68.3,408,0.0,154,,,,,,,,
12/12/2013 08:22:30,254.478969,0.0,0.0,68.5,349,0.0,154,,,,,,,,
12/12/2013 08:23:00,254.478969,0.0,0.0,68.5,392,0.0,154,,,,,,,,
12/12/2013 08:23:30,254.478969,0.0,0.0,68.7,380,0.0,154,,,,,,,,
12/12/2013 08:24:00,254.478969,0.0,0.0,68.9,390,0.0,154,,,,,,,,
12/12/2013 08:24:30,254.478969,0.0,0.0,69.1,322,0.0,154,,,,,,,,
12/12/2013 08:25:00,254.478969,0.0,0.0,69.1,354,0.0,154,,,,,,,,
12/12/2013 08:25:30,254.478969,0.0,0.0,69.0,343,0.0,154,,,,,,,,
12/12/2013 08:26:00,254.478969,0.0,0.0,69.0,393,0.0,154,,,,,,,,
12/12/2013 08:26:30,254.478969,0.0,0.0,68.8,357,0.0,154,,,,,,,,
12/12/2013 08:27:00,254.478969,0.0,0.0,68.7,356,0.0,154,,,,,,,,
12/12/2013 08:27:30,254.478969,0.0,0.0,68.6,412,0.0,154,,,,,,,,
12/12/2013 08:28:00,254.478969,0.0,0.0,68.6,334,0.0,154,,,,,,,,
12/12/2013 08:28:30,254.478969,0.0,0.0,68.6,323,0.0,154,,,,,,,,
12/12/2013 08:29:00,254.478969,0.0,0.0,68.6,311,0.0,154,,,,,,,,
12/12/2013 08:29:30,254.478969,0.0,0.0,68.0,391,0.0,154,,,,,,,,
12/12/2013 08:30:00,254.478969,0.0,0.0,67.7,389,0.0,154,,,,,,,,
12/12/2013 08:30:30,254.478969,0.0,0.0,67.8,325,0.0,154,,,,,,,,
12/12/2013 08:31:00,254.478969,0.0,0.0,67.7,325,0.0,154,,,,,,,,
12/12/2013 08:31:30,254.478969,0.0,0.0,67.3,316,0.0,154,,,,,,,,
12/12/2013 08:32:00,254.478969,0.0,0.0,67.1,385,0.0,154,,,,,,,,
12/12/2013 08:32:30,254.478969,0.0,0.0,67.1,373,0.0,154,,,,,,,,
12/12/2013 08:33:00,254.478969,0.0,0.0,67.7,455,0.0,154,,,,,,,,
12/12/2013 08:33:30,254.478969,0.0,0.0,67.9,338,0.0,154,,,,,,,,
12/12/2013 08:34:00,254.478969,0.0,0.0,67.7,347,0.0,154,,,,,,,,
12/12/2013 08:34:30,254.478969,0.0,0.0,67.3,313,0.0,154,,,,,,,,
12/12/2013 08:35:00,254.478969,0.0,0.0,67.4,420,0.0,154,,,,,,,,
12/12/2013 08:35:30,254.478969,0.0,0.0,67.6,353,0.0,154,,,,,,,,
12/12/2013 08:36:00,254.478969,0.0,0.0,67.3,374,0.0,154,,,,,,,,
12/12/2013 08:36:30,254.478969,0.0,0.0,67.4,356,0.0,154,,,,,,,,
12/12/2013 08:37:00,254.478969,0.0,0.0,67.7,422,0.0,154,,,,,,,,
12/12/2013 08:37:30,254.478969,0.0,0.0,68.1,407,0.0,154,,,,,,,,
12/12/2013 08:38:00,254.478969,0.0,0.0,67.9,402,0.0,154,,,,,,,,
12/12/2013 08:38:30,254.478969,0.0,0.0,68.3,456,0.0,154,,,,,,,,
12/12/2013 08:39:00,254.478969,0.0,0.0,68.0,370,0.0,154,,,,,,,,
12/12/2013 08:39:30,254.478969,0.0,0.0,68.0,316,0.0,154,,,,,,,,
12/12/2013 08:40:00,254.478969,0.0,0.0,67.8,353,0.0,154,,,,,,,,
12/12/2013 08:40:30,254.478969,0.0,0.0,67.9,305,0.0,154,,,,,,,,
12/12/2013 08:41:00,254.478969,0.0,0.0,67.8,369,0.0,154,,,,,,,,
12/12/2013 08:41:30,254.478969,0.0,0.0,68.4,437,0.0,154,,,,,,,,
12/12/2013 08:42:00,254.478969,0.0,0.0,68.3,398,0.0,154,,,,,,,,
12/12/2013 08:42:30,254.478969,0.0,0.0,68.1,442,0.0,154,,,,,,,,
12/12/2013 08:43:00,254.478969,0.0,0.0,68.1,381,0.0,154,,,,,,,,
12/12/2013 08:43:30,254.478969,0.0,0.0,68.4,345,0.0,154,,,,,,,,
12/12/2013 08:44:00,254.478969,0.0,0.0,68.1,413,0.0,154,,,,,,,,
12/12/2013 08:44:30,254.478969,0.0,0.0,67.8,414,0.0,154,,,,,,,,
12/12/2013 08:45:00,254.478969,0.0,0.0,67.7,358,0.0,154,,,,,,,,
12/12/2013 08:45:30,254.478969,0.0,0.0,68.2,353,0.0,154,,,,,,,,
12/12/2013 08:46:00,254.478969,0.0,0.0,68.5,425,0.0,154,,,,,,,,
12/12/2013 08:46:30,254.478969,0.0,0.0,68.7,464,0.0,154,,,,,,,,
12/12/2013 08:47:00,254.478969,0.0,0.0,69.2,432,0.0,154,,,,,,,,
12/12/2013 08:47:30,254.478969,0.0,0.0,69.5,414,0.0,154,,,,,,,,
12/12/2013 08:48:00,254.478969,0.0,0.0,69.1,324,0.0,154,,,,,,,,
12/12/2013 08:48:30,254.478969,0.0,0.0,69.2,308,0.0,154,,,,,,,,
12/12/2013 08:49:00,254.478969,0.0,0.0,69.0,409,0.0,154,,,,,,,,
12/12/2013 08:49:30,254.478969,0.0,0.0,68.7,366,0.0,154,,,,,,,,
12/12/2013 08:50:00,254.478969,0.0,0.0,69.1,358,0.0,154,,,,,,,,
12/12/2013 08:50:30,254.478969,0.0,0.0,68.7,330,0.0,154,,,,,,,,
12/12/2013 08:51:00,254.478969,0.0,0.0,68.9,482,0.0,154,,,,,,,,
12/12/2013 08:51:30,254.478969,0.0,0.0,69.5,447,0.0,154,,,,,,,,
12/12/2013 08:52:00,254.478969,0.0,0.0,69.0,359,0.0,154,,,,,,,,
12/12/2013 08:52:30,254.478969,0.0,0.0,68.9,357,0.0,154,,,,,,,,
12/12/2013 08:53:00,254.478969,0.0,0.0,68.5,311,0.0,154,,,,,,,,
12/12/2013 08:53:30,254.478969,0.0,0.0,68.1,318,0.0,154,,,,,,,,
12/12/2013 08:54:00,254.478969,0.0,0.0,68.2,360,0.0,154,,,,,,,,
12/12/2013 08:54:30,254.478969,0.0,0.0,68.5,397,0.0,154,,,,,,,,
12/12/2013 08:55:00,254.478969,0.0,0.0,68.2,425,0.0,154,,,,,,,,
12/12/2013 08:55:30,254.478969,0.0,0.0,68.2,412,0.0,154,,,,,,,,
12/12/2013 08:56:00,254.478969,0.0,0.0,68.1,418,0.0,154,,,,,,,,
12/12/2013 08:56:30,254.478969,0.0,0.0,68.0,390,0.0,154,,,,,,,,
12/12/2013 08:57:00,254.478969,0.0,0.0,68.3,364,0.0,154,,,,,,,,
12/12/2013 08:57:30,254.478969,0.0,0.0,68.3,373,0.0,154,,,,,,,,
12/12/2013 08:58:00,254.478969,0.0,0.0,67.8,344,0.0,154,,,,,,,,
12/12/2013 08:58:30,254.478969,0.0,0.0,67.6,370,0.0,154,,,,,,,,
12/12/2013 08:59:00,254.478969,0.0,0.0,67.2,389,0.0,154,,,,,,,,
12/12/2013 08:59:30,254.478969,0.0,0.0,67.1,435,0.0,154,,,,,,,,
12/12/2013 09:00:00,254.478969,0.0,0.0,66.8,414,0.0,154,,,,,,,,
12/12/2013 09:00:30,254.478969,0.0,0.0,66.6,398,0.0,154,,,,,,,,
12/12/2013 09:01:00,254.478969,0.0,0.0,66.9,462,0.0,154,,,,,,,,
12/12/2013 09:01:30,254.478969,0.0,0.0,66.9,424,0.0,154,,,,,,,,
12/12/2013 09:02:00,254.478969,0.0,0.0,66.5,349,0.0,154,,,,,,,,
12/12/2013 09:02:30,254.478969,0.0,0.0,66.5,353,0.0,154,,,,,,,,
12/12/2013 09:03:00,254.478969,0.0,0.0,66.1,347,0.0,154,,,,,,,,
12/12/2013 09:03:30,254.478969,0.0,0.0,65.6,405,0.0,154,,,,,,,,
12/12/2013 09:04:00,254.478969,0.0,0.0,65.4,438,0.0,154,,,,,,,,
12/12/2013 09:04:30,254.478969,0.0,0.0,64.8,400,0.0,154,,,,,,,,
12/12/2013 09:05:00,254.478969,0.0,0.0,64.6,416,0.0,154,,,,,,,,
12/12/2013 09:05:30,254.478969,0.0,0.0,64.4,337,0.0,154,,,,,,,,
12/12/2013 09:06:00,254.478969,0.0,0.0,64.0,377,0.0,154,,,,,,,,
12/12/2013 09:06:30,254.478969,0.0,0.0,64.3,412,0.0,154,,,,,,,,
12/12/2013 09:07:00,254.478969,0.0,0.0,64.4,343,0.0,154,,,,,,,,
12/12/2013 09:07:30,254.478969,0.0,0.0,64.4,425,0.0,154,,,,,,,,
12/12/2013 09:08:00,254.478969,0.0,0.0,64.4,443,0.0,154,,,,,,,,
12/12/2013 09:08:30,254.478969,0.0,0.0,64.3,388,0.0,154,,,,,,,,
12/12/2013 09:09:00,254.478969,0.0,0.0,63.9,343,0.0,154,,,,,,,,
12/12/2013 09:09:30,254.478969,0.0,0.0,63.6,350,0.0,154,,,,,,,,
12/12/2013 09:10:00,254.478969,0.0,0.0,63.5,416,0.0,154,,,,,,,,
12/12/2013 09:10:30,254.478969,0.0,0.0,63.4,373,0.0,154,,,,,,,,
12/12/2013 09:11:00,254.478969,0.0,0.0,63.3,379,0.0,154,,,,,,,,
12/12/2013 09:11:30,254.898385,0.4,0.1,63.1,432,0.4,154,,,,,,,,
12/12/2013 09:12:00,255.996911,1.1,0.3,62.7,378,1.5,154,,,,,,,,
12/12/2013 09:12:30,257.612930,1.6,0.5,62.2,385,1.6,155,,,,,,,,
12/12/2013 09:13:00,259.081137,1.5,0.4,61.9,392,1.5,156,,,,,,,,
12/12/2013 09:13:30,260.329676,1.2,0.4,61.6,392,1.2,157,,,,,,,,
12/12/2013 09:14:00,261.918200,1.6,0.5,61.3,385,1.6,158,,,,,,,,
12/12/2013 09:14:30,263.173636,1.3,0.4,61.0,424,1.3,159,,,,,,,,
12/12/2013 09:15:00,264.298803,1.1,0.3,60.8,397,1.1,160,,,,,,,,
12/12/2013 09:15:30,265.850822,1.6,0.5,60.3,343,1.6,161,,,,,,,,
12/12/2013 09:16:00,267.133389,1.3,0.4,60.2,383,1.3,162,,,,,,,,
12/12/2013 09:16:30,268.697953,1.6,0.5,60.1,432,1.6,163,,,,,,,,
12/12/2013 09:17:00,269.713605,1.0,0.3,59.8,454,1.0,164,,,,,,,,
12/12/2013 09:17:30,270.611343,0.9,0.3,59.6,426,0.9,165,,,,,,,,
12/12/2013 09:18:00,271.450488,0.8,0.3,59.6,401,1.7,165,,,,,,,,
12/12/2013 09:18:30,272.485026,1.0,0.3,59.3,408,1.0,166,,,,,,,,
12/12/2013 09:19:00,273.314494,0.8,0.3,59.1,406,0.8,167,,,,,,,,
12/12/2013 09:19:30,274.265719,1.0,0.3,58.9,396,1.8,167,,,,,,,,
12/12/2013 09:20:00,275.057609,0.8,0.2,58.5,376,0.8,168,,,,,,,,
12/12/2013 09:20:30,275.710580,0.7,0.2,58.3,370,1.4,168,,,,,,,,
12/12/2013 09:21:00,276.808665,1.1,0.3,57.9,327,1.1,169,,,,,,,,
12/12/2013 09:21:30,277.676176,0.9,0.3,57.7,387,0.9,170,,,,,,,,
12/12/2013 09:22:00,278.413941,0.7,0.2,57.8,355,1.6,170,,,,,,,,
12/12/2013 09:22:30,279.236920,0.8,0.2,57.4,415,0.8,171,,,,,,,,
12/12/2013 09:23:00,280.231157,1.0,0.3,57.7,407,1.8,171,,,,,,,,
12/12/2013 09:23:30,281.084938,0.9,0.3,57.2,379,0.9,172,,,,,,,,
12/12/2013 09:24:00,281.813403,0.7,0.2,57.4,363,1.6,172,,,,,,,,
12/12/2013 09:24:30,282.975419,1.2,0.4,57.3,419,1.2,173,,,,,,,,
12/12/2013 09:25:00,283.954608,1.0,0.3,56.8,423,1.0,174,,,,,,,,
12/12/2013 09:25:30,284.692152,0.7,0.2,56.2,465,1.7,174,,,,,,,,
12/12/2013 09:26:00,285.320586,0.6,0.2,56.2,455,0.6,175,,,,,,,,
12/12/2013 09:26:30,286.007608,0.7,0.2,56.0,501,1.3,175,,,,,,,,
12/12/2013 09:27:00,286.916652,0.9,0.3,55.9,523,0.9,176,,,,,,,,
12/12/2013 09:27:30,287.255958,0.3,0.1,55.8,385,1.2,176,,,,,,,,
12/12/2013 09:28:00,287.982829,0.7,0.2,55.6,372,0.7,177,,,,,,,,
12/12/2013 09:28:30,288.541413,0.6,0.2,55.4,409,1.3,177,,,,,,,,
12/12/2013 09:29:00,289.435457,0.9,0.3,55.4,406,0.9,178,,,,,,,,
12/12/2013 09:29:30,289.541842,0.1,0.0,55.2,389,1.0,178,,,,,,,,
12/12/2013 09:30:00,290.317878,0.8,0.2,55.1,404,0.8,179,,,,,,,,
12/12/2013 09:30:30,291.041192,0.7,0.2,55.0,431,1.5,179,,,,,,,,
12/12/2013 09:31:00,291.587842,0.5,0.2,55.1,387,0.5,180,,,,,,,,
12/12/2013 09:31:30,292.084385,0.5,0.2,55.1,426,1.0,180,,,,,,,,
12/12/2013 09:32:00,292.639245,0.6,0.2,54.6,471,0.6,181,,,,,,,,
12/12/2013 09:32:30,293.325844,0.7,0.2,54.5,400,1.2,181,,,,,,,,
12/12/2013 09:33:00,293.736693,0.4,0.1,54.4,424,0.4,182,,,,,,,,
12/12/2013 09:33:30,294.396376,0.7,0.2,54.2,382,1.1,182,,,,,,,,
12/12/2013 09:34:00,294.882893,0.5,0.1,54.3,385,0.5,183,,,,,,,,
12/12/2013 09:34:30,295.521517,0.6,0.2,54.2,416,1.1,183,,,,,,,,
12/12/2013 09:35:00,295.778167,0.3,0.1,54.2,389,0.3,184,,,,,,,,
12/12/2013 09:35:30,296.025139,0.2,0.1,53.9,377,0.5,184,,,,,,,,
12/12/2013 09:36:00,296.637983,0.6,0.2,53.8,407,1.1,184,,,,,,,,
12/12/2013 09:36:30,297.091465,0.5,0.1,53.6,383,0.5,185,,,,,,,,
12/12/2013 09:37:00,297.760279,0.7,0.2,53.4,368,1.1,185,,,,,,,,
12/12/2013 09:37:30,298.516971,0.8,0.2,53.2,370,0.8,186,,,,,,,,
12/12/2013 09:38:00,299.071743,0.6,0.2,53.2,423,1.3,186,,,,,,,,
12/12/2013 09:38:30,299.370908,0.3,0.1,53.1,430,0.3,187,,,,,,,,
12/12/2013 09:39:00,299.516807,0.1,0.0,53.1,398,0.4,187,,,,,,,,
12/12/2013 09:39:30,300.125965,0.6,0.2,53.0,411,1.1,187,,,,,,,,
12/12/2013 09:40:00,300.404568,0.3,0.1,52.8,420,0.3,188,,,,,,,,
12/12/2013 09:40:30,300.892100,0.5,0.1,52.6,363,0.8,188,,,,,,,,
12/12/2013 09:41:00,301.200384,0.3,0.1,52.2,383,1.1,188,,,,,,,,
12/12/2013 09:41:30,301.699919,0.5,0.2,52.2,431,0.5,189,,,,,,,,
12/12/2013 09:42:00,301.878186,0.2,0.1,52.0,381,0.7,189,,,,,,,,
12/12/2013 09:42:30,302.116061,0.2,0.1,52.2,417,0.9,189,,,,,,,,
12/12/2013 09:43:00,302.490025,0.4,0.1,52.2,407,1.3,189,,,,,,,,
12/12/2013 09:43:30,303.084181,0.6,0.2,52.2,385,0.6,190,,,,,,,,
12/12/2013 09:44:00,303.373421,0.3,0.1,52.1,504,0.9,190,,,,,,,,
12/12/2013 09:44:30,303.373421,0.0,0.0,51.8,435,0.9,190,,,,,,,,
12/12/2013 09:45:00,303.833942,0.5,0.1,52.0,427,1.3,190,,,,,,,,
12/12/2013 09:45:30,304.019002,0.2,0.1,52.2,444,0.2,191,,,,,,,,
12/12/2013 09:46:00,304.269312,0.3,0.1,52.1,422,0.4,191,,,,,,,,
12/12/2013 09:46:30,304.457786,0.2,0.1,52.0,370,0.6,191,,,,,,,,
12/12/2013 09:47:00,304.682644,0.2,0.1,52.0,401,0.8,191,,,,,,,,
12/12/2013 09:47:30,304.941128,0.3,0.1,51.8,380,1.1,191,,,,,,,,
12/12/2013 09:48:00,304.941128,0.0,0.0,51.8,387,0.0,192,,,,,,,,
12/12/2013 09:48:30,304.941128,0.0,0.0,52.0,381,0.0,192,,,,,,,,
12/12/2013 09:49:00,304.941128,0.0,0.0,52.2,397,0.0,192,,,,,,,,
12/12/2013 09:49:30,305.011009,0.1,0.0,52.1,354,0.1,192,,,,,,,,
12/12/2013 09:50:00,305.011009,0.0,0.0,52.3,459,0.1,192,,,,,,,,
12/12/2013 09:50:30,305.011009,0.0,0.0,52.2,440,0.1,192,,,,,,,,
12/12/2013 09:51:00,305.011009,0.0,0.0,51.9,379,0.1,192,,,,,,,,
12/12/2013 09:51:30,305.011009,0.0,0.0,51.9,376,0.1,192,,,,,,,,
12/12/2013 09:52:00,305.011009,0.0,0.0,51.9,377,0.1,192,,,,,,,,
12/12/2013 09:52:30,305.011009,0.0,0.0,51.6,370,0.1,192,,,,,,,,
12/12/2013 09:53:00,305.011009,0.0,0.0,51.9,415,0.1,192,,,,,,,,
12/12/2013 09:53:30,305.011009,0.0,0.0,52.3,400,0.1,192,,,,,,,,
12/12/2013 09:54:00,305.011009,0.0,0.0,52.5,435,0.1,192,,,,,,,,
12/12/2013 09:54:30,305.011009,0.0,0.0,52.6,418,0.1,192,,,,,,,,
12/12/2013 09:55:00,305.011009,0.0,0.0,52.6,407,0.1,192,,,,,,,,
12/12/2013 09:55:30,305.011009,0.0,0.0,52.7,394,0.1,192,,,,,,,,
12/12/2013 09:56:00,305.011009,0.0,0.0,52.6,387,0.1,192,,,,,,,,
12/12/2013 09:56:30,305.011009,0.0,0.0,53.0,453,0.1,192,,,,,,,,
12/12/2013 09:57:00,305.011009,0.0,0.0,52.9,405,0.1,192,,,,,,,,
12/12/2013 09:57:30,305.011009,0.0,0.0,52.9,407,0.1,192,,,,,,,,
12/12/2013 09:58:00,305.011009,0.0,0.0,53.1,478,0.1,192,,,,,,,,
12/12/2013 09:58:30,305.011009,0.0,0.0,52.9,431,0.1,192,,,,,,,,
12/12/2013 09:59:00,305.011009,0.0,0.0,53.2,401,0.1,192,,,,,,,,
12/12/2013 09:59:30,305.011009,0.0,0.0,53.2,388,0.1,192,,,,,,,,
12/12/2013 10:00:00,305.011009,0.0,0.0,53.5,352,0.1,192,,,,,,,,
12/12/2013 10:00:30,305.011009,0.0,0.0,53.4,371,0.1,192,,,,,,,,
12/12/2013 10:01:00,305.011009,0.0,0.0,53.3,386,0.1,192,,,,,,,,
12/12/2013 10:01:30,305.011009,0.0,0.0,53.2,393,0.1,192,,,,,,,,
12/12/2013 10:02:00,305.011009,0.0,0.0,52.9,415,0.1,192,,,,,,,,
12/12/2013 10:02:30,305.011009,0.0,0.0,53.0,372,0.1,192,,,,,,,,
12/12/2013 10:03:00,305.011009,0.0,0.0,53.3,392,0.1,192,,,,,,,,
12/12/2013 10:03:30,305.011009,0.0,0.0,53.5,401,0.1,192,,,,,,,,
12/12/2013 10:04:00,305.011009,0.0,0.0,53.6,474,0.1,192,,,,,,,,
12/12/2013 10:04:30,305.011009,0.0,0.0,54.0,422,0.1,192,,,,,,,,
12/12/2013 10:05:00,305.011009,0.0,0.0,54.1,384,0.1,192,,,,,,,,
12/12/2013 10:05:30,305.011009,0.0,0.0,54.2,405,0.1,192,,,,,,,,
12/12/2013 10:06:00,305.011009,0.0,0.0,54.3,403,0.1,192,,,,,,,,
12/12/2013 10:06:30,305.011009,0.0,0.0,54.3,405,0.1,192,,,,,,,,
12/12/2013 10:07:00,305.011009,0.0,0.0,54.3,344,0.1,192,,,,,,,,
12/12/2013 10:07:30,305.011009,0.0,0.0,54.4,340,0.1,192,,,,,,,,
12/12/2013 10:08:00,305.011009,0.0,0.0,54.4,368,0.1,192,,,,,,,,
12/12/2013 10:08:30,305.011009,0.0,0.0,54.6,357,0.1,192,,,,,,,,
12/12/2013 10:09:00,305.011009,0.0,0.0,54.6,431,0.1,192,,,,,,,,
12/12/2013 10:09:30,305.011009,0.0,0.0,54.5,471,0.1,192,,,,,,,,
12/12/2013 10:10:00,305.011009,0.0,0.0,54.6,424,0.1,192,,,,,,,,
12/12/2013 10:10:30,305.011009,0.0,0.0,54.5,375,0.1,192,,,,,,,,
12/12/2013 10:11:00,305.011009,0.0,0.0,54.5,367,0.1,192,,,,,,,,
12/12/2013 10:11:30,305.011009,0.0,0.0,54.5,408,0.1,192,,,,,,,,
12/12/2013 10:12:00,305.011009,0.0,0.0,54.6,479,0.1,192,,,,,,,,
12/12/2013 10:12:30,305.011009,0.0,0.0,54.9,434,0.1,192,,,,,,,,
12/12/2013 10:13:00,305.011009,0.0,0.0,54.8,400,0.1,192,,,,,,,,
12/12/2013 10:13:30,305.011009,0.0,0.0,54.8,372,0.1,192,,,,,,,,
12/12/2013 10:14:00,305.011009,0.0,0.0,54.5,335,0.1,192,,,,,,,,
12/12/2013 10:14:30,305.011009,0.0,0.0,54.4,399,0.1,192,,,,,,,,
12/12/2013 10:15:00,305.011009,0.0,0.0,54.4,432,0.1,192,,,,,,,,
12/12/2013 10:15:30,305.011009,0.0,0.0,54.8,386,0.1,192,,,,,,,,
12/12/2013 10:16:00,305.011009,0.0,0.0,55.1,355,0.1,192,,,,,,,,
12/12/2013 10:16:30,305.011009,0.0,0.0,55.6,458,0.1,192,,,,,,,,
12/12/2013 10:17:00,305.011009,0.0,0.0,55.6,446,0.1,192,,,,,,,,
12/12/2013 10:17:30,305.011009,0.0,0.0,55.7,399,0.1,192,,,,,,,,
12/12/2013 10:18:00,305.011009,0.0,0.0,55.7,395,0.1,192,,,,,,,,
12/12/2013 10:18:30,305.011009,0.0,0.0,56.2,407,0.1,192,,,,,,,,
12/12/2013 10:19:00,305.011009,0.0,0.0,56.2,428,0.1,192,,,,,,,,
12/12/2013 10:19:30,305.011009,0.0,0.0,55.9,408,0.1,192,,,,,,,,
12/12/2013 10:20:00,305.011009,0.0,0.0,55.9,382,0.1,192,,,,,,,,
12/12/2013 10:20:30,305.011009,0.0,0.0,55.5,399,0.1,192,,,,,,,,
12/12/2013 10:21:00,305.011009,0.0,0.0,55.4,380,0.1,192,,,,,,,,
12/12/2013 10:21:30,305.011009,0.0,0.0,55.5,423,0.1,192,,,,,,,,
12/12/2013 10:22:00,305.011009,0.0,0.0,55.6,458,0.1,192,,,,,,,,
12/12/2013 10:22:30,305.011009,0.0,0.0,55.9,519,0.1,192,,,,,,,,
12/12/2013 10:23:00,305.011009,0.0,0.0,55.8,459,0.1,192,,,,,,,,
12/12/2013 10:23:30,305.011009,0.0,0.0,55.7,388,0.1,192,,,,,,,,
12/12/2013 10:24:00,305.011009,0.0,0.0,55.5,399,0.1,192,,,,,,,,
12/12/2013 10:24:30,305.011009,0.0,0.0,55.3,371,0.1,192,,,,,,,,
12/12/2013 10:25:00,305.011009,0.0,0.0,55.6,388,0.1,192,,,,,,,,
12/12/2013 10:25:30,305.011009,0.0,0.0,55.6,444,0.1,192,,,,,,,,
12/12/2013 10:26:00,305.011009,0.0,0.0,55.6,444,0.1,192,,,,,,,,
12/12/2013 10:26:30,305.011009,0.0,0.0,55.5,451,0.1,192,,,,,,,,
12/12/2013 10:27:00,305.011009,0.0,0.0,55.4,384,0.1,192,,,,,,,,
12/12/2013 10:27:30,305.011009,0.0,0.0,55.2,397,0.1,192,,,,,,,,
12/12/2013 10:28:00,305.011009,0.0,0.0,55.3,389,0.1,192,,,,,,,,
12/12/2013 10:28:30,305.011009,0.0,0.0,55.1,465,0.1,192,,,,,,,,
12/12/2013 10:29:00,305.011009,0.0,0.0,54.9,435,0.1,192,,,,,,,,
12/12/2013 10:29:30,305.011009,0.0,0.0,54.8,406,0.1,192,,,,,,,,
12/12/2013 10:30:00,305.011009,0.0,0.0,55.0,447,0.1,192,,,,,,,,
12/12/2013 10:30:30,305.011009,0.0,0.0,54.9,414,0.1,192,,,,,,,,
12/12/2013 10:31:00,305.011009,0.0,0.0,54.7,466,0.1,192,,,,,,,,
12/12/2013 10:31:30,305.011009,0.0,0.0,54.7,476,0.1,192,,,,,,,,
12/12/2013 10:32:00,305.011009,0.0,0.0,54.4,424,0.1,192,,,,,,,,
12/12/2013 10:32:30,305.011009,0.0,0.0,53.9,391,0.1,192,,,,,,,,
12/12/2013 10:33:00,305.011009,0.0,0.0,53.9,434,0.1,192,,,,,,,,
12/12/2013 10:33:30,305.011009,0.0,0.0,53.8,410,0.1,192,,,,,,,,
12/12/2013 10:34:00,305.011009,0.0,0.0,53.8,457,0.1,192,,,,,,,,
12/12/2013 10:34:30,305.011009,0.0,0.0,53.7,446,0.1,192,,,,,,,,
12/12/2013 10:35:00,305.011009,0.0,0.0,53.5,463,0.1,192,,,,,,,,
12/12/2013 10:35:30,305.011009,0.0,0.0,53.5,411,0.1,192,,,,,,,,
12/12/2013 10:36:00,305.011009,0.0,0.0,53.2,428,0.1,192,,,,,,,,
12/12/2013 10:36:30,305.011009,0.0,0.0,52.8,381,0.1,192,,,,,,,,
12/12/2013 10:37:00,305.011009,0.0,0.0,52.8,368,0.1,192,,,,,,,,
12/12/2013 10:37:30,305.011009,0.0,0.0,52.6,441,0.1,192,,,,,,,,
12/12/2013 10:38:00,305.011009,0.0,0.0,52.7,433,0.1,192,,,,,,,,
12/12/2013 10:38:30,305.011009,0.0,0.0,52.5,426,0.1,192,,,,,,,,
12/12/2013 10:39:00,305.011009,0.0,0.0,52.3,436,0.1,192,,,,,,,,
12/12/2013 10:39:30,305.304675,0.3,0.1,52.3,469,0.4,192,,,,,,,,
12/12/2013 10:40:00,306.151396,0.8,0.3,52.0,415,1.2,192,,,,,,,,
12/12/2013 10:40:30,307.057312,0.9,0.3,52.0,446,0.9,193,,,,,,,,
12/12/2013 10:41:00,307.718823,0.7,0.2,51.5,427,1.6,193,,,,,,,,
12/12/2013 10:41:30,308.451623,0.7,0.2,50.9,383,0.7,194,,,,,,,,
12/12/2013 10:42:00,309.261558,0.8,0.2,51.0,355,1.5,194,,,,,,,,
12/12/2013 10:42:30,309.798946,0.5,0.2,51.1,388,0.5,195,,,,,,,,
12/12/2013 10:43:00,310.524689,0.7,0.2,50.7,449,1.3,195,,,,,,,,
12/12/2013 10:43:30,310.965561,0.4,0.1,50.7,478,0.4,196,,,,,,,,
12/12/2013 10:44:00,311.381381,0.4,0.1,50.5,476,0.9,196,,,,,,,,
12/12/2013 10:44:30,312.023377,0.6,0.2,50.3,402,1.5,196,,,,,,,,
12/12/2013 10:45:00,312.790927,0.8,0.2,50.0,442,0.8,197,,,,,,,,
12/12/2013 10:45:30,313.315010,0.5,0.2,49.7,494,1.3,197,,,,,,,,
12/12/2013 10:46:00,314.220177,0.9,0.3,49.6,535,0.9,198,,,,,,,,
12/12/2013 10:46:30,314.608916,0.4,0.1,49.4,391,1.3,198,,,,,,,,
12/12/2013 10:47:00,315.556931,0.9,0.3,49.6,406,0.9,199,,,,,,,,
12/12/2013 10:47:30,316.481400,0.9,0.3,49.4,464,1.9,199,,,,,,,,
12/12/2013 10:48:00,316.759373,0.3,0.1,49.4,454,0.3,200,,,,,,,,
12/12/2013 10:48:30,317.562457,0.8,0.2,49.0,409,1.1,200,,,,,,,,
12/12/2013 10:49:00,317.897485,0.3,0.1,49.1,502,0.3,201,,,,,,,,
12/12/2013 10:49:30,318.248799,0.4,0.1,48.6,436,0.7,201,,,,,,,,
12/12/2013 10:50:00,318.614525,0.4,0.1,48.6,407,1.1,201,,,,,,,,
12/12/2013 10:50:30,319.244918,0.6,0.2,48.3,434,0.6,202,,,,,,,,
12/12/2013 10:51:00,319.498775,0.3,0.1,47.8,441,0.9,202,,,,,,,,
12/12/2013 10:51:30,320.397813,0.9,0.3,47.5,429,1.8,202,,,,,,,,
12/12/2013 10:52:00,321.039795,0.6,0.2,47.5,406,0.6,203,,,,,,,,
12/12/2013 10:52:30,322.022906,1.0,0.3,47.3,389,1.6,203,,,,,,,,
12/12/2013 10:53:00,323.114244,1.1,0.3,47.2,431,1.1,204,,,,,,,,
12/12/2013 10:53:30,323.808046,0.7,0.2,47.1,376,0.7,205,,,,,,,,
12/12/2013 10:54:00,324.342892,0.5,0.2,46.9,460,1.2,205,,,,,,,,
12/12/2013 10:54:30,324.342892,0.0,0.0,46.6,429,0.0,206,,,,,,,,
12/12/2013 10:55:00,324.342892,0.0,0.0,46.5,460,0.0,206,,,,,,,,
12/12/2013 10:55:30,324.342892,0.0,0.0,46.3,425,0.0,206,,,,,,,,
12/12/2013 10:56:00,324.342892,0.0,0.0,46.3,467,0.0,206,,,,,,,,
12/12/2013 10:56:30,324.342892,0.0,0.0,46.0,489,0.0,206,,,,,,,,
12/12/2013 10:57:00,324.342892,0.0,0.0,45.9,449,0.0,206,,,,,,,,
12/12/2013 10:57:30,324.342892,0.0,0.0,45.8,485,0.0,206,,,,,,,,
12/12/2013 10:58:00,324.342892,0.0,0.0,45.8,414,0.0,206,,,,,,,,
12/12/2013 10:58:30,324.342892,0.0,0.0,45.7,466,0.0,206,,,,,,,,
12/12/2013 10:59:00,324.342892,0.0,0.0,45.7,444,0.0,206,,,,,,,,
12/12/2013 10:59:30,324.342892,0.0,0.0,45.6,438,0.0,206,,,,,,,,
12/12/2013 11:00:00,324.342892,0.0,0.0,45.5,408,0.0,206,,,,,,,,
12/12/2013 11:00:30,324.342892,0.0,0.0,45.2,404,0.0,206,,,,,,,,
12/12/2013 11:01:00,324.342892,0.0,0.0,45.3,453,0.0,206,,,,,,,,
12/12/2013 11:01:30,324.342892,0.0,0.0,45.2,472,0.0,206,,,,,,,,
12/12/2013 11:02:00,324.342892,0.0,0.0,45.1,462,0.0,206,,,,,,,,
12/12/2013 11:02:30,324.342892,0.0,0.0,44.9,531,0.0,206,,,,,,,,
,,,0.0,,,,207,,,,,,,,
